name;cover;description;god;system;system_dop;system_dop2;system_dop3;obl;montage;img1;img2;img3;img4;img5;img6;img7;img8;img9;img10;img11;img12;img13;img14;img15;img16;img17;img18;img19;img20;ronson_system;ronson_montage;ronson_vitrage;ronson_granit;ronson_klinker;ronson_decor;ronson_brick;montagepartner;inside;Keyword;ncTitle;ncKeywords;ncDescription;ncSMO_Title;ncSMO_Description;ncSMO_Image
Жилой дом;000000478.jpg:image/jpeg:7061;г. Челябинск, Курчатовский р-н, Комсомольский проспект, д.9;2008.0;Ронсон-300;;;;керамогранит (видимое крепление);;000000705.jpg:image/jpeg:458866;000000176.jpg:image/jpeg:239118;000000174.jpg:image/jpeg:259558;000000178.jpg:image/jpeg:236249;000000710.jpg:image/jpeg:406626;000000708.jpg:image/jpeg:420323;000000712.jpg:image/jpeg:281633;;;;;;;;;;;;;;1;0;0;0;0;0;0;"ООО ""Нью-Строй"", г. Челябинск, Уральский ФО";0;;;;;;;
Государственный музыкальный театр имени И.М. Яушева;000002476.jpg:image/jpeg:15888;г. Саранск, ул. Богдана Хмельницкого, д.36;2011.0;Ронсон-400;;;;натуральный камень, декоративные элементы из полимербетона;;000002478.jpg:image/jpeg:210256;;;;;;;;;;;;;;;;;;;;1;0;0;0;0;0;0;;0;;;;;;;
Гараж-стоянка;000000480.jpg:image/jpeg:8258;г.Москва, ул.Академика Анохина, корп.19Б;2008.0;Ронсон-200;;;;металлосайдинг, ленточное остекление;;000000740.jpg:image/jpeg:522111;000000742.jpg:image/jpeg:331537;000000744.jpg:image/jpeg:401222;;;;;;;;;;;;;;;;;;1;1;1;0;0;0;0;;0;;;;;;;
Торговый центр «Мастер Дом»;000002529.jpg:image/jpeg:19852;г. Москва;2012.0;Ронсон-400;Ронсон-200;;;кассеты из алюмокомпозита, натуральный камень;;000002527.jpg:image/jpeg:229524;000002525.jpg:image/jpeg:252585;;;;;;;;;;;;;;;;;;;1;1;0;0;0;0;0;;0;;;;;;;
Подстанция КРУЭ г. Москва;000002524.jpg:image/jpeg:17782;г. Москва, ул. Подольских курсантов, вл.9;2012.0;Ронсон-300;;;;керамогранит (видимое крепление);;000002522.jpg:image/jpeg:224556;;;;;;;;;;;;;;;;;;;;1;1;0;0;0;0;0;;0;;;;;;;
Офисное здание;000002468.jpg:image/jpeg:26399;г. Москва, Семеновский вал, д. 6/10;2012.0;Ронсон-300;;;;керамогранит (видимое крепление);;000002469.jpg:image/jpeg:397549;;;;;;;;;;;;;;;;;;;;1;0;0;0;0;0;0;;0;;;;;;;
Молокозавод, административное здание;000002467.jpg:image/jpeg:25901;г. Киров, ул. Вронского, д.105;2012.0;Ронсон-300;;;;керамогранит (видимое крепление);;000002460.jpg:image/jpeg:473498;000002462.jpg:image/jpeg:399691;000002464.jpg:image/jpeg:398854;000002466.jpg:image/jpeg:375457;;;;;;;;;;;;;;;;;1;0;0;0;0;0;0;;0;;;;;;;
ТЦ «Семейный»;000002447.jpg:image/jpeg:31578;г. Калуга, ул. Суворова, д.109;2011.0;Ронсон-300;Ронсон-200;;;кассеты из композитных материалов, керамогранит, пояски из металлокасет, светопрозрачные конструкции, зенитарные фонари;;000002439.jpg:image/jpeg:457089;000002441.jpg:image/jpeg:407224;000002443.jpg:image/jpeg:293223;000002445.jpg:image/jpeg:460861;;;;;;;;;;;;;;;;;1;1;1;0;0;0;0;;0;;;;;;;
Главный вход стадиона «Центральный» г. Челябинск;000002420.jpg:image/jpeg:12267;г. Челябинск;2010.0;Ронсон-200;;;;кассеты из алюмокомпозита;;000002418.jpg:image/jpeg:147967;000002416.jpg:image/jpeg:153217;;;;;;;;;;;;;;;;;;;1;0;0;0;0;0;0;;0;;;;;;;
Жилой дом;000002394.jpg:image/jpeg:14329;г.Мытищи, ул. Троицкая, д. 11;2011.0;Ронсон-300 (крепление в межэтажные перекрытия);;;;керамогранит (видимое крепление);;000002380.jpg:image/jpeg:196343;000002382.jpg:image/jpeg:191687;000002384.jpg:image/jpeg:214151;000002386.jpg:image/jpeg:167537;000002388.jpg:image/jpeg:206767;000002390.jpg:image/jpeg:202278;000002392.jpg:image/jpeg:175127;;;;;;;;;;;;;;1;0;0;0;0;0;0;;0;;;;;;;
ТЦ «EGOMOLL»;221.jpg:image/jpeg:7786;г. Москва, пр-т Дежнева, д. 23;2011.0;Ронсон-100 (крепление в межэтажные перекрытия);;;;HPL панели;;5[8].jpg:image/jpeg:456975;1[17].jpg:image/jpeg:292431;8ZtkWJqi3iA.jpg:image/jpeg:302845;C-pDeNW1Dug.jpg:image/jpeg:295721;naerzbJwZRw.jpg:image/jpeg:281843;up8BBITVj14.jpg:image/jpeg:291187;YY1gizPiiEM.jpg:image/jpeg:244311;;;;;;;;;;;;;;1;0;0;0;0;0;0;;0;;;;;;;
ЖК «Life-Лазаревское»;000002141.jpg:image/jpeg:11143;г. Москва, Южное Бутово, ул. Адмирала Лазарева, микр. 7;2011.0;Ронсон-300;;;;керамогранит (видимое крепление), декоративные материалы;;000002335.jpg:image/jpeg:180875;000002337.jpg:image/jpeg:230799;;;;;;;;;;;;;;;;;;;1;1;0;0;0;0;0;;0;;;;;;;
Физкультурно-оздоровительный комплекс;000002138.jpg:image/jpeg:9079;г. Москва, ул. Перовская, вл. 37;2011.0;Ронсон-300;;;;керамогранит, светопрозрачные конструкции;;000002134.jpg:image/jpeg:135860;000002421.jpg:image/jpeg:170909;фок 1(1).jpg:image/pjpeg:597344;фок22(1).jpg:image/pjpeg:831878;фок33(1).jpg:image/pjpeg:527904;фок44(1).jpg:image/pjpeg:591038;фок55(1).jpg:image/pjpeg:535616;;;;;;;;;;;;;;1;1;1;0;0;0;0;;0;;;;;;;
ЖК «Четыре солнца»;IMG_2286 copy.JPG:image/jpeg:19974;г. Москва, ул. Большая Татарская, д. 13;2011.0;Ронсон-400;;;;натуральный камень, декор из стеклофибробетона;;4.JPG:image/jpeg:894257;5.JPG:image/jpeg:748289;IMG_2280.JPG:image/jpeg:749158;IMG_2282.JPG:image/jpeg:691286;IMG_2286.JPG:image/jpeg:861292;IMG_2289.JPG:image/jpeg:831598;IMG_6410.jpg:image/jpeg:1275297;;;;;;;;;;;;;;1;0;0;0;0;0;0;;0;;;;;;;
Жилой дом;000002158.jpg:image/jpeg:11592;г.Щербинка, ул. 40 лет Октября, д15;2011.0;Ронсон-300;;;;керамогранит (видимое крепление);;000002154.jpg:image/jpeg:176200;000002145.jpg:image/jpeg:180550;000002156.jpg:image/jpeg:204799;;;;;;;;;;;;;;;;;;1;1;0;0;0;0;0;;0;;;;;;;
ЖК «Спасский мост»;IMG_8014 copy.JPG:image/jpeg:20805;г. Красногорск, Павшинская пойма, микр. Спасский мост, корп №8;2012.0;Ронсон-300;;;;керамогранит (видимое крепление);;IMG_7976(1).jpg:image/jpeg:305994;IMG_7996(2).jpg:image/jpeg:239296;IMG_8001.JPG:image/jpeg:287143;IMG_8013(1).jpg:image/jpeg:1118219;IMG_8014.JPG:image/jpeg:280503;;;;;;;;;;;;;;;;1;0;0;0;0;0;0;;0;;;;;;;
Государственный Университет Управления;000002125.jpg:image/jpeg:7777;г. Москва, Рязанский пр-т, д. 99;2010.0;Ронсон-300;;;;керамогранит (видимое крепление);;000002122.jpg:image/jpeg:126705;;;;;;;;;;;;;;;;;;;;1;0;0;0;0;0;0;;0;;;;;;;
Жилой дом;000002121.jpg:image/jpeg:10304;г. Люберцы, пос. Калинино, пересечение ул. Парковая и ул. Зеленая, корп. 1;2010.0;Ронсон-300;;;;керамогранит (видимое крепление);;000002117.jpg:image/jpeg:156225;000002119.jpg:image/jpeg:165866;;;;;;;;;;;;;;;;;;;1;0;0;0;0;0;0;;0;;;;;;;
Жилой дом;000002065.jpg:image/jpeg:8706;г.Пермь, ул. Космонавта Беляеваа д.40, корпуса: Б, В, Г, ДОбъект находится на стадии монтажа;2009.0;Ронсон-100;;;;фиброцементные плиты;;000002059.jpg:image/jpeg:132682;000002061.jpg:image/jpeg:152943;000002063.jpg:image/jpeg:165767;;;;;;;;;;;;;;;;;;1;0;0;0;0;0;0;;0;;;;;;;
Единый расчетный центр;000002040.jpg:image/jpeg:7425;г. Железнодорожный, ул. Новая;2009.0;Ронсон-300;;;;керамогранит (видимое крепление);;000002039.jpg:image/jpeg:97934;;;;;;;;;;;;;;;;;;;;1;1;0;0;0;0;0;;0;;;;;;;
Перинатальный центр;000002038.jpg:image/jpeg:9955;г. Киров;2010.0;Ронсон-300;;;;керамогранит (видимое крепление);;000002036.jpg:image/jpeg:120370;;;;;;;;;;;;;;;;;;;;1;0;0;0;0;0;0;;0;;;;;;;
ТЦ «Галерия», г. Санкт;000002035.jpg:image/jpeg:8806;г. Санкт-Петербург;2009.0;Ронсон-200;;;;металлокассеты;;000002033.jpg:image/jpeg:137086;;;;;;;;;;;;;;;;;;;;1;0;0;0;0;0;0;;0;;;;;;;
Декоративное ограждение;000002002.jpg:image/jpeg:5321;Московская область, Красногорский район, поселок Россинка, дер. Ангелова, вл. 128;2010.0;Ронсон-100;;;;пластик;;000001994.jpg:image/jpeg:90729;000001996.jpg:image/jpeg:101259;000001998.jpg:image/jpeg:105766;000002000.jpg:image/jpeg:128986;;;;;;;;;;;;;;;;;1;0;0;0;0;0;0;;0;;;;;;;
ЖК «Родные берега»;иркутск родные берега обл.jpg:image/pjpeg:55603;г. Иркутск, ул. Семена Лагоды, д. 4;2011.0;Ронсон-100;Ронсон-200;;;фиброцементные плиты, кассеты из алюмокомпозита;;иркутск родные берега.jpg:image/pjpeg:459538;;;;;;;;;;;;;;;;;;;;1;0;0;0;0;0;0;;0;;;;;;;
Детский санаторий МИД, Московская область;2s.jpg:image/jpeg:9163;Московская обл., пос.Малаховка, ул.Пушкина, д.14;2015.0;Ронсон-400;;;;натуральный камень, керамогранит (скрытое крепление),  плиты KMEW;;2-(1).jpg:image/jpeg:118131;2-(2).jpg:image/jpeg:118242;2-(3).jpg:image/jpeg:134263;;;;;;;;;;;;;;;;;;1;1;0;0;0;0;0;;0;;;;;;;
Магазин Мультибренд;000001971.jpg:image/jpeg:5543;г. Екатеринбург, ул. Первомайская, д. 54;2010.0;Ронсон-400;;;;керамогранит (скрытое крепление);;000001943.jpg:image/jpeg:92464;000001941.jpg:image/jpeg:85614;000001939.jpg:image/jpeg:100582;000001937.jpg:image/jpeg:69984;000001946.jpg:image/jpeg:71309;;;;;;;;;;;;;;;;1;0;0;1;0;0;0;;0;;;;;;;
Жилой дом;000002348.jpg:image/jpeg:11676;г. Москва, ул. Фотиевой, дом 4;2010.0;Ронсон-100;Ронсон-300;Ронсон-400;;керамогранит, натуральный камень, декор из стеклофибробетона;;000002237.jpg:image/jpeg:134640;000002238.jpg:image/jpeg:147861;000002240.jpg:image/jpeg:93298;000002241.jpg:image/jpeg:127970;000002242.jpg:image/jpeg:177753;000002243.jpg:image/jpeg:95538;000002244.jpg:image/jpeg:123638;;;;;;;;;;;;;;1;1;0;0;0;0;0;;0;;;;;;;
ЖК «Зеленый берег»;3-(1)s.jpg:image/jpeg:13015;г.Москва, ул.Кировоградская, 36;2014.0;Ронсон-300;;;;керамогранит (видимое крепление);;3-(1).jpg:image/jpeg:235777;3-(2).jpg:image/jpeg:273640;3-(3).jpg:image/jpeg:205892;;;;;;;;;;;;;;;;;;1;1;0;0;0;0;0;;0;;;;;;;
Жилой дом;000001470.jpg:image/jpeg:13151;г. Видное, ул. Строительная, вл. 2;2009.0;Ронсон-300;;;;керамогранит (видимое крепление);;000001466.jpg:image/jpeg:143025;000001462.jpg:image/jpeg:140025;000001464.jpg:image/jpeg:120607;;;;;;;;;;;;;;;;;;1;0;0;0;0;0;0;;0;;;;;;;
Жилой дом;000001831.jpg:image/jpeg:7514;г. Челябинск, пересечение ул. Сулимова и ул. Курчатова;2009.0;Ронсон-300;;;;керамогранит (видимое крепление);;000001835.jpg:image/jpeg:96293;000001973.jpg:image/jpeg:114214;000001833.jpg:image/jpeg:92476;000001834.jpg:image/jpeg:89019;000001089.jpg:image/jpeg:395156;;;;;;;;;;;;;;;;1;0;0;0;0;0;0;;0;;;;;;;
Жилой дом;000002331.jpg:image/jpeg:8958;г. Москва, ул. Лобачевского, д. 100А;2009.0;Ронсон-200;;;;кассеты из алюмокомпозита;;000001346.jpg:image/jpeg:133561;000001077.jpg:image/jpeg:426614;000001079.jpg:image/jpeg:441987;000001080.jpg:image/jpeg:125093;000001081.jpg:image/jpeg:136566;;;;;;;;;;;;;;;;1;1;0;0;0;0;0;;0;;;;;;;
Aдминистративное здание «Донэнерого», г. Ростов-на;000001343.jpg:image/jpeg:11726;г. Ростов-на-Дону;2009.0;Ронсон-200;;;;кассеты из алюмокомпозита;;000001337.jpg:image/jpeg:88396;000001339.jpg:image/jpeg:98567;000001341.jpg:image/jpeg:98304;;;;;;;;;;;;;;;;;;1;0;0;0;0;0;0;;0;;;;;;;
Уральская государственная академия;000000481.jpg:image/jpeg:6256;г. Челябинск, ул. Российская, д. 258;2008.0;Ронсон-100;;;;фиброцементные плиты;;000000746.jpg:image/jpeg:327351;000000748.jpg:image/jpeg:384705;000000750.jpg:image/jpeg:283113;000000752.jpg:image/jpeg:328241;;;;;;;;;;;;;;;;;1;0;0;0;0;0;0;;0;;;;;;;
Дорожно–ремонтное строительное управление;000001061.jpg:image/jpeg:20279;г. Челябинск, ул. Героев Танкограда 51П;2008.0;Ронсон-300;;;;керамогранит (видимое крепление);;000001063.jpg:image/jpeg:399715;000001065.jpg:image/jpeg:373348;000001067.jpg:image/jpeg:362026;000001069.jpg:image/jpeg:403747;000001073.jpg:image/jpeg:438497;000001071.jpg:image/jpeg:362586;000001075.jpg:image/jpeg:383488;;;;;;;;;;;;;;1;0;0;0;0;0;0;;0;;;;;;;
ТЦ «Агат»;000001056.jpg:image/jpeg:25540;г. Челябинск, пр. Победы, д. 115;2008.0;Ронсон-300;;;;керамогранит (видимое крепление), натуральный камень, металлосайдинг;;000001055.jpg:image/jpeg:398236;000001053.jpg:image/jpeg:332273;000001054.jpg:image/jpeg:457611;;;;;;;;;;;;;;;;;;1;0;0;0;0;0;0;;0;;;;;;;
ТЦ «Остров»;000000692.jpg:image/jpeg:23160;г. Ногинск, ул. Соборная, д.12;2009.0;Ронсон-300;;;;керамогранит;;000000760.jpg:image/jpeg:392693;000000762.jpg:image/jpeg:369713;000000764.jpg:image/jpeg:382537;;;;;;;;;;;;;;;;;;1;1;1;0;0;0;0;;0;;;;;;;
СТО «Молния»;000000631.jpg:image/jpeg:7402;г. Челябинск, ул. Дарвина, д. 2В;2008.0;Ронсон-200;;;;кассеты из алюмокомпозита;;000000373.jpg:image/jpeg:107323;;;;;;;;;;;;;;;;;;;;1;0;0;0;0;0;0;;0;;;;;;;
ТРЦ «Мега»;000000694.jpg:image/jpeg:20129;Иркутская обл., г. Ангарск;2009.0;Ронсон-200;;;;кассеты из алюмокомпозита;;000000766.jpg:image/jpeg:285773;000000768.jpg:image/jpeg:328954;000000981.jpg:image/jpeg:383244;000000983.jpg:image/jpeg:370915;;;;;;;;;;;;;;;;;1;0;0;0;0;0;0;;0;;;;;;;
Администрация сосновского района, с. Долгодеревенское;000000476.jpg:image/jpeg:5529;Челябинская область, Сосновский район, село Долгодеревенское, ул. 50 лет;2008.0;Ронсон-300;;;;керамогранит (видимое крепление);;000000724.jpg:image/jpeg:296650;000000726.jpg:image/jpeg:366737;000000728.jpg:image/jpeg:355263;;;;;;;;;;;;;;;;;;1;0;0;0;0;0;0;;0;;;;;;;
Mazda-центр;000000479.jpg:image/jpeg:8254;г. Челябинск, пересечение Свердловского тракта и Черкасской улицы;2008.0;Ронсон-200;;;;кассеты из алюмокомпозита;;000000714.jpg:image/jpeg:417506;000000716.jpg:image/jpeg:352432;000000718.jpg:image/jpeg:336156;000000720.jpg:image/jpeg:378393;;;;;;;;;;;;;;;;;1;0;0;0;0;0;0;;0;;;;;;;
Завод «ROCKWOOL»;000001107.jpg:image/jpeg:21542;г. Железнодорожный,   ул. Автозаводская,  д. 48А;2009.0;Ронсон-200;Ронсон-300;;;кассеты из алюмокомпозита, керамогранит (видимое крепление), витражи;;000001108.jpg:image/jpeg:387662;000001110.jpg:image/jpeg:376300;000001112.jpg:image/jpeg:393502;000001114.jpg:image/jpeg:358402;;;;;;;;;;;;;;;;;1;1;1;0;0;0;0;;0;;;;;;;
Торгово-офисное здание;000000477.jpg:image/jpeg:9140;г. Москва, Варшавское шоссе, д.129, корп.2;2008.0;Ронсон-200;;;;кассеты из алюмокомпозита;;000000731.jpg:image/jpeg:59286;000000732.jpg:image/jpeg:369994;000000734.jpg:image/jpeg:393274;000000736.jpg:image/jpeg:276822;;;;;;;;;;;;;;;;;1;1;1;0;0;0;0;;0;;;;;;;
Институт Космических исследований;бауманская обложка.jpg:image/pjpeg:51792;г. Москва, ул. Бауманская, д.53;2010.0;Ронсон-200;;;;кассеты из алюмокомпозита, светопрозрачные конструкции;;бауманская.JPG:image/pjpeg:530658;;;;;;;;;;;;;;;;;;;;1;1;1;0;0;0;0;;0;;;;;;;
ОАО «Мосавтохолод»;мосавтохолод сколковское обл.jpg:image/pjpeg:45006;г. Москва, Сколковское ш., д. 23;2010.0;Ронсон-200;;;;кассеты из алюмокомпозита;;мосавтохолод сколковское ш.jpg:image/pjpeg:886932;;;;;;;;;;;;;;;;;;;;1;0;0;0;0;0;0;;0;;;;;;;
Дом музыки им. Дениса Мацуева;иркутск дом музыки обл.jpg:image/pjpeg:50619;"г. Иркутск, 130-ый кварталПолучена награда ""за своевременную сдачу объекта к 350-летию г. Иркутска";2011.0;Ронсон-400;;;;натуральный камень;;иркутск дом музыки.JPG:image/pjpeg:284620;;;;;;;;;;;;;;;;;;;;1;0;0;0;0;0;0;;0;;;;;;;
Стадион «Салют», г. Долгопрудный;000000920.jpg:image/jpeg:15549;;;Ронсон-100;;;;витражи;;000000920.jpg:image/jpeg:440007;;;;;;;;;;;;;;;;;;;;0;0;1;0;0;0;0;;0;;;;;;;
Жилой дом;IMG_7793 copy.JPG:image/jpeg:21693;Московская обл., г. Дзержинский, ул. Ленина;2011.0;Ронсон-200;;;;кассеты из алюмокомпозита;;IMG_7788.JPG:image/jpeg:155673;IMG_7793.JPG:image/jpeg:159091;IMG_7806.JPG:image/jpeg:163280;IMG_7808.JPG:image/jpeg:396484;IMG_7811(1).jpg:image/jpeg:260889;;;;;;;;;;;;;;;;1;0;0;0;0;0;0;;0;;;;;;;
Комплекс административно–производственных зданий г. Зеленоград;000000941.jpg:image/jpeg:23670;Московская область, г. Зеленоград, Сосновая аллея, д.6;2008.0;Ронсон-200;;;;фиброцементные плиты, металлокасеты;;000000808.jpg:image/jpeg:390599;000000810.jpg:image/jpeg:394100;000000812.jpg:image/jpeg:354378;000000814.jpg:image/jpeg:296287;000000816.jpg:image/jpeg:300946;000000818.jpg:image/jpeg:385545;000000820.jpg:image/jpeg:281314;;;;;;;;;;;;;;0;1;1;0;0;0;0;;0;;;;;;;
Гостиница «Ярославская», г. Москва;000000942.jpg:image/jpeg:30463;;2007.0;;;;;витражи;;000000922.jpg:image/jpeg:509541;;;;;;;;;;;;;;;;;;;;0;0;1;0;0;0;0;;0;;;;;;;
Жилой дом (5 корпусов), г. Южно;южносах фибр панели nichiha жил дом обл.jpg:image/pjpeg:66143;г. Южно-Сахалинск;2012.0;Ронсон-100;;;;фиброцементные плиты;;южносах фибр панели nichiha жил дом.JPG:image/pjpeg:857447;;;;;;;;;;;;;;;;;;;;1;0;0;0;0;0;0;;0;;;;;;;
Банк РНБК, г. Москва;000000944.jpg:image/jpeg:22123;;;Ронсон-100;;;;фиброцементные плиты;;000000924.jpg:image/jpeg:386717;;;;;;;;;;;;;;;;;;;;0;0;1;0;0;0;0;;0;;;;;;;
Сервис Экспорт, г. Дубна;000000945.jpg:image/jpeg:23284;;;Ронсон-100;;;;фиброцементные плиты;;000000925.jpg:image/jpeg:379675;;;;;;;;;;;;;;;;;;;;0;0;1;0;0;0;0;;0;;;;;;;
Административное здание, г. Южно;южносах офисы сандал фибро обл.jpg:image/pjpeg:62797;г. Южно-Сахалинск, пр-т Мира, д.420;2012.0;Ронсон-100;;;;фиброцементные плиты;;южносах офисы сандал фибро.JPG:image/pjpeg:661698;;;;;;;;;;;;;;;;;;;;1;0;0;0;0;0;0;;0;;;;;;;
Торгово – офисное здание;000000946.jpg:image/jpeg:22663;г. Ногинск, ул. Соборная, д. 12;2009.0;Ронсон-100;;;;фиброцементные плиты;;000000926.jpg:image/jpeg:345506;000000849.jpg:image/pjpeg:10696;000000850.jpg:image/pjpeg:10362;000000851.jpg:image/pjpeg:11746;;;;;;;;;;;;;;;;;0;1;1;0;0;0;0;;0;;;;;;;
Частный дом, г. Южно;3sm.jpg:image/jpeg:9760;Частный жилой дом, г.Южно-Сахалинск;2014.0;Ронсон-100;;;;плиты KMEW;;3.jpg:image/jpeg:139363;;;;;;;;;;;;;;;;;;;;0;0;0;0;0;0;0;;0;;;;;;;
Кафе «Letto», г. Южно;11111111.jpg:image/jpeg:9471;г. Южно-Сахалинск, ул. Пуркаева, 33/1;2015.0;Ронсон-100;;;;плиты KMEW;;4.jpg:image/jpeg:177812;5-3.jpg:image/jpeg:145536;;;;;;;;;;;;;;;;;;;0;0;0;0;0;0;0;;0;;;;;;;
Административно–производственный комплекс», г. Москва;000000958.jpg:image/jpeg:18814;;;;;;;витражи;;000000938.jpg:image/jpeg:293586;;;;;;;;;;;;;;;;;;;;0;0;1;0;0;0;0;;0;;;;;;;
Торгово–офисное здание;000000949.jpg:image/jpeg:25601;г. Москва, Сущевский вал;2008.0;Ронсон-200;Ронсон-300;;;кассеты из алюмокомпозита, керамогранит;;000000929.jpg:image/jpeg:381365;000000827.jpg:image/pjpeg:378021;;;;;;;;;;;;;;;;;;;0;1;1;0;0;0;0;;0;;;;;;;
Офисный центр, г. Москва;000000950.jpg:image/jpeg:25742;;;;;;;витражи;;000000930.jpg:image/jpeg:347679;;;;;;;;;;;;;;;;;;;;0;0;1;0;0;0;0;;0;;;;;;;
Торговый комплекс,г. Дубна;000000952.jpg:image/jpeg:28023;;;;;;;витражи;;000000932.jpg:image/jpeg:465513;;;;;;;;;;;;;;;;;;;;0;0;1;0;0;0;0;;0;;;;;;;
Жилой дом;000000953.jpg:image/jpeg:29281;г. Москва, ул.Новочеремушкинская, д.60;2007.0;;;;;фиброцементные плиты, мокрый фасад, витражи;;000000780.jpg:image/jpeg:410284;000000782.jpg:image/jpeg:289210;000000784.jpg:image/jpeg:467807;000000786.jpg:image/jpeg:292662;000000788.jpg:image/jpeg:392460;000000790.jpg:image/jpeg:275158;000000792.jpg:image/jpeg:325723;;;;;;;;;;;;;;1;1;1;0;0;0;0;;0;;;;;;;
Мебельный салон «Волга», г. Дубна;000000954.jpg:image/jpeg:23530;;;;;;;витражи;;000000934.jpg:image/jpeg:360727;;;;;;;;;;;;;;;;;;;;0;0;1;0;0;0;0;;0;;;;;;;
Нотариальная контора, г. Дубна;000000955.jpg:image/jpeg:28536;;;;;;;витражи;;000000935.jpg:image/jpeg:454434;;;;;;;;;;;;;;;;;;;;0;0;1;0;0;0;0;;0;;;;;;;
Частный сектор, г. Кимры;000000956.jpg:image/jpeg:23071;;;;;;;витражи;;000000936.jpg:image/jpeg:457999;;;;;;;;;;;;;;;;;;;;0;0;1;0;0;0;0;;0;;;;;;;
Магазин «Каспер», г. Дубна;000000957.jpg:image/jpeg:23688;;;;;;;витражи;;000000937.jpg:image/jpeg:444616;;;;;;;;;;;;;;;;;;;;0;0;1;0;0;0;0;;0;;;;;;;
Газета «Все для Вас», г. Дубна;000000948.jpg:image/jpeg:25259;;;;;;;витражи;;000000928.jpg:image/jpeg:461496;;;;;;;;;;;;;;;;;;;;0;0;1;0;0;0;0;;0;;;;;;;
Гостиница «Дубна», г. Дубна;000000959.jpg:image/jpeg:21956;;;;;;;витражи;;000000939.jpg:image/jpeg:447501;;;;;;;;;;;;;;;;;;;;0;0;1;0;0;0;0;;0;;;;;;;
ДК «Нейтрино» Десногорской АЭС;3  Центр информации и связей с общественностью ДК Нейтрино - 1обл.jpg:image/pjpeg:32601;г. Десногорск, 4-ый микр-н;2012.0;Ронсон-300;;;;керамогранит (видимое крепление);;3  Центр информации и связей с общественностью ДК Нейтрино - 1.JPG:image/pjpeg:459157;4  Центр информации и связей с общественностью ДК Нейтрино - 2.JPG:image/pjpeg:810201;;;;;;;;;;;;;;;;;;;1;0;0;0;0;0;0;;0;;;;;;;
Лаборатория АЭС, Учебно-лабораторный корпус АЭС;1 Лаборатория внешнего радиационного контроля Смоленской АЭС - 2 обл.jpg:image/pjpeg:39340;г. Десногорск, 6-ой м-рн;2012.0;Ронсон-300;;;;керамогранит (видимое крепление);;1 Лаборатория внешнего радиационного контроля Смоленской АЭС - 2.JPG:image/pjpeg:556578;2 Учебно-лабораторный комплекс Смоленской АЭС - 3.JPG:image/pjpeg:493656;;;;;;;;;;;;;;;;;;;1;0;0;0;0;0;0;;0;;;;;;;
Жилой дом, г. Москва;000000969.jpg:image/jpeg:33080;г. Моска, ул. Удальцова, д.78, д.81;;Ронсон-100;;;;;;000000995.jpg:image/jpeg:427120;000000997.jpg:image/jpeg:424299;000000999.jpg:image/jpeg:434220;;;;;;;;;;;;;;;;;;1;1;0;0;0;0;0;;0;;;;;;;
Жилой дом, п. Монино;000000869.jpg:image/jpeg:25535;;;;;;;;;000000884.jpg:image/jpeg:283563;;;;;;;;;;;;;;;;;;;;0;0;0;0;0;0;0;;0;;;;;;;
Детский сад, г. Москва;000000867.jpg:image/jpeg:29136;;;;;;;;;000000882.jpg:image/jpeg:463768;;;;;;;;;;;;;;;;;;;;0;0;0;0;0;0;0;;0;;;;;;;
Жилой дом, г. Железнодорожный;000000876.jpg:image/jpeg:20910;;;;;;;;;000000891.jpg:image/jpeg:330330;;;;;;;;;;;;;;;;;;;;0;0;0;0;0;0;0;;0;;;;;;;
Детский сад, г. Москва;000000873.jpg:image/jpeg:32088;;;;;;;;;000000888.jpg:image/jpeg:494924;;;;;;;;;;;;;;;;;;;;0;0;0;0;0;0;0;;0;;;;;;;
Жилой дом, г. Москва;000000877.jpg:image/jpeg:25616;;;;;;;;;000000892.jpg:image/jpeg:407439;;;;;;;;;;;;;;;;;;;;0;0;0;0;0;0;0;;0;;;;;;;
Жилой дом, г. Железнодорожный;000000871.jpg:image/jpeg:29388;;;;;;;;;000000886.jpg:image/jpeg:381180;;;;;;;;;;;;;;;;;;;;0;0;0;0;0;0;0;;0;;;;;;;
Жилой дом;000000878.jpg:image/jpeg:21480;г. Обухово;;;;;;;;000000893.jpg:image/jpeg:363532;;;;;;;;;;;;;;;;;;;;0;0;0;0;0;0;0;;0;;;;;;;
Комплекс жилых домов;000000875.jpg:image/jpeg:27137;г. Железнодорожный;;;;;;;;000000890.jpg:image/jpeg:438835;;;;;;;;;;;;;;;;;;;;0;0;0;0;0;0;0;;0;;;;;;;
Комплекс жилых домов, Московская область;000000874.jpg:image/jpeg:27174;д. Дядьково;;;;;;;;000000889.jpg:image/jpeg:417581;;;;;;;;;;;;;;;;;;;;0;0;0;0;0;0;0;;0;;;;;;;
Жилой дом;000000868.jpg:image/jpeg:38126;г. Балашиха;;;;;;;;000000883.jpg:image/jpeg:552496;;;;;;;;;;;;;;;;;;;;0;0;0;0;0;0;0;;0;;;;;;;
Комплекс жилых домов;000000872.jpg:image/jpeg:31043;г. Ногинск;;;;;;;;000000887.jpg:image/jpeg:607598;;;;;;;;;;;;;;;;;;;;0;0;0;0;0;0;0;;0;;;;;;;
Жилой дом;000000866.jpg:image/jpeg:31204;г. Балашиха;;;;;;;;000000881.jpg:image/jpeg:508678;;;;;;;;;;;;;;;;;;;;0;0;0;0;0;0;0;;0;;;;;;;
Жилой дом, г. Химки;000000879.jpg:image/jpeg:35733;;;;;;;;;000000894.jpg:image/jpeg:508405;;;;;;;;;;;;;;;;;;;;0;0;0;0;0;0;0;;0;;;;;;;
Жилой дом;000000880.jpg:image/jpeg:24729;г. Серпухов;;;;;;;;000000895.jpg:image/jpeg:408370;;;;;;;;;;;;;;;;;;;;0;0;0;0;0;0;0;;0;;;;;;;
Жилой дом;000000870.jpg:image/jpeg:36369;г. Балашиха;;;;;;;;000000885.jpg:image/jpeg:587562;;;;;;;;;;;;;;;;;;;;0;0;0;0;0;0;0;;0;;;;;;;
ЖК «Холмогоры»;холмогорская обл.jpg:image/pjpeg:65091;г. Москва, ул. Холмогорская, вл. 2;2012.0;Ронсон-300;;;;керамогранит (видимое крепление);;холмогорская.jpg:image/pjpeg:906515;DSC09835.jpg:image/pjpeg:404713;DSC09859.jpg:image/pjpeg:520417;;;;;;;;;;;;;;;;;;1;1;0;0;0;0;0;;0;;;;;;;
ТЦ «Солнечный рай»;IMG_7957 copy.JPG:image/jpeg:13352;г. Красногорск, ул. Ленина, д. 35 А;2012.0;Ронсон-400;Ронсон-200;;;кассеты из алюмокомпозита, натуральный камень, терракота;;IMG_7944.JPG:image/jpeg:208371;IMG_7951(1).jpg:image/jpeg:251495;IMG_7957.JPG:image/jpeg:241702;;;;;;;;;;;;;;;;;;1;0;0;0;0;0;0;;0;;;;;;;
Офисный центр;альбион домодедово оф центр obl.jpg:image/pjpeg:57123;г. Домодедово, ул. Текстильщиков, д.1;2012.0;Ронсон-200;Ронсон-300;;;кассеты из композита и стали, керамогранит (видимое крепление)кассеты из алюмокомпозита, керамогранит (видимое крепление);;альбион домодедово оф центр.jpg:image/pjpeg:617663;;;;;;;;;;;;;;;;;;;;1;0;0;0;0;0;0;;0;;;;;;;
Средняя общеобразовательная школа №34, Московская область;старая купавна школа obl.jpg:image/pjpeg:47078;Московская обл., п. Старая Купавна, ул. матросова;2013.0;Ронсон-100;;;;фиброцементные плиты;;старая купавна школа.jpg:image/pjpeg:513780;старая купавна школа2.jpg:image/pjpeg:733207;;;;;;;;;;;;;;;;;;;1;1;0;0;0;0;0;;0;;;;;;;
ЖК «Ломоносовский»;панферова2 обл.jpg:image/pjpeg:54786;г. Москва, ул. Панферова, д.8;2013.0;Ронсон-300;Ронсон-400;;;керамогранит (видимое крепление), натуральный камень;;IMG_8741.jpg:image/pjpeg:458146;IMG_8736.jpg:image/pjpeg:424080;панферова1.jpg:image/pjpeg:469206;;IMG_8739.jpg:image/pjpeg:828893;панферова3.jpg:image/pjpeg:622337;IMG_8746.jpg:image/pjpeg:487490;;;;;;;;;;;;;;1;1;0;0;0;0;0;;0;;;;;;;
Пенсионный фонд Российской Федерации;IMG_5782-copy.jpg:image/jpeg:15994;г. Москва, ул. Стасовой, вл. 14;2013.0;Ронсон-300;Ронсон-400;Ронсон-600;;керамогранит (видимое и скрытое крепление), натуральный камень, фасадный декор, зенитарные фонари;;DSC05208(1).jpg:image/pjpeg:922499;IMG_5782.JPG:image/jpeg:865699;IMG_5783.JPG:image/jpeg:983352;IMG_5784.JPG:image/jpeg:883617;IMG_8559.JPG:image/jpeg:288894;IMG_8569.JPG:image/jpeg:267027;IMG_8572.JPG:image/jpeg:342055;;;;;;;;;;;;;;1;1;0;1;0;1;0;;0;;;;;;;
Офисное здание;мурманский 3д обл.jpg:image/pjpeg:46332;г. Москва, Мурманский пр-д, д. 514/1;2013.0;Ронсон-200;Ронсон-300;Ронсон-400;;кассеты из алюмокомпозита, керамогранит, натуральный камень, светопрозрачные конструкции;;мурманский 3д.jpg:image/pjpeg:636221;мурманский3.jpg:image/pjpeg:599251;мурманский1.jpg:image/pjpeg:588818;мурманский2.jpg:image/pjpeg:541391;P1030848 (2).JPG:image/jpeg:224717;мурманский11.jpg:image/jpeg:299452;;;;;;;;;;;;;;;1;1;1;0;0;0;0;;0;;;;;;;
ЖК «Самоцветы»;gks.jpg:image/jpeg:11281;г. Люберцы, ул. Кирова, д. 12а;2013.0;Ронсон-100;;;;фиброцементные плиты;;gk1.jpg:image/jpeg:368852;gk2.jpg:image/jpeg:370561;gk3.jpg:image/jpeg:194548;;;;;;;;;;;;;;;;;;1;1;0;0;0;0;0;;0;;;;;;;
Офисное здание;IMG_8558.jpg:image/jpeg:16925;г. Москва, Милютинский пер., вл. 14;2013.0;Ронсон-400;Ронсон-600;;;натуральный камень, агломератные плиты, фасадный декор;;IMG_8530.JPG:image/jpeg:1100199;IMG_8547.JPG:image/jpeg:821272;IMG_8549.JPG:image/jpeg:1148843;IMG_8551.JPG:image/jpeg:936875;IMG_8558.JPG:image/jpeg:1481973;;;;;;;;;;;;;;;;1;1;0;0;0;1;0;;0;;;;;;;
Административное здание предприятия «Хетих русс»;000000595.jpg:image/jpeg:9401;г. Железнодорожный;2006.0;;;;;;;000000595.jpg:image/jpeg:9401;000000802.jpg:image/jpeg:403080;000000804.jpg:image/jpeg:280126;000000806.jpg:image/jpeg:426182;;;;;;;;;;;;;;;;;0;1;0;0;0;0;0;;0;;;;;;;
Фитнес-клуб «Gold’s Gym»;IMG_3256 обл.jpg:image/pjpeg:48149;г. Иркутск;2011.0;Ронсон-200;;;;кассеты из алюмокомпозита;;IMG_3256.jpg:image/pjpeg:664487;IMG_3257.jpg:image/pjpeg:732914;;;;;;;;;;;;;;;;;;;1;0;0;0;0;0;0;;0;;;;;;;
Жилой комплекс;IMG_3262 обл.jpg:image/pjpeg:72379;г. Иркутск;2011.0;Ронсон-100;;;;фиброцементные плиты;;IMG_3262.jpg:image/pjpeg:948884;;;;;;;;;;;;;;;;;;;;1;0;0;0;0;0;0;;0;;;;;;;
Жилой дом;IMG_3278обл.jpg:image/pjpeg:59067;г. Иркутск;2011.0;Ронсон-100;;;;фиброцементные плиты;;IMG_3278.jpg:image/pjpeg:711927;IMG_3280.jpg:image/pjpeg:1139370;;;;;;;;;;;;;;;;;;;1;0;0;0;0;0;0;;0;;;;;;;
Комплекс жилых домов;000000594.jpg:image/jpeg:11272;г. Москва, ул.Ярцевская, д.27В, корп.2;;;;;;минерит, керамогранит (видимое крепление);;000000794.jpg:image/jpeg:443846;000000798.jpg:image/jpeg:440320;000000800.jpg:image/jpeg:368996;;;;;;;;;;;;;;;;;;0;1;0;0;0;0;0;;0;;;;;;;
Административное здание, Московская область;000000596.jpg:image/jpeg:8908;Московская .обл., Одинцовский р-он, с.Акуловов, промзона 27 км.Можайского шоссе;;Ронсон-300;;;;керамогранит (видимое крепление);;000000754.jpg:image/jpeg:346687;000000756.jpg:image/jpeg:336789;000000758.jpg:image/jpeg:352248;;;;;;;;;;;;;;;;;;0;1;0;0;0;0;0;;0;;;;;;;
Торгово-офисное здание «Каскад-мебель»;000000598.jpg:image/jpeg:11362;г. Москва, Сущевский вал;;;;;;алюмокомпозит, керамогранит (видимое крепление);;000000822.jpg:image/jpeg:419082;000000823.jpg:image/jpeg:381365;000000824.jpg:image/jpeg:424890;000000825.jpg:image/jpeg:371741;000000826.jpg:image/jpeg:318695;000000834.jpg:image/jpeg:438706;;;;;;;;;;;;;;;0;1;0;0;0;0;0;;0;;;;;;;
Здание народного суда;000000603.jpg:image/jpeg:8279;г. Ногинск;;;;;;металлические кассеты;;000000854.jpg:image/jpeg:333761;000000856.jpg:image/jpeg:446609;000000858.jpg:image/jpeg:389733;000000860.jpg:image/jpeg:422237;;;;;;;;;;;;;;;;;0;1;0;0;0;0;0;;0;;;;;;;
Жилой дом;000000604.jpg:image/jpeg:7230;г. Москва, ул. Яблочкова, д.16;;;;;;керамогранит;;000000991.jpg:image/jpeg:436347;000000993.jpg:image/jpeg:452979;;;;;;;;;;;;;;;;;;;0;1;0;0;0;0;0;;0;;;;;;;
Жилой дом;000000606.jpg:image/jpeg:10400;г. Москва, Митино, мкрн.1А, корп.5;;;;;;фиброцементные плиты;;000001002.jpg:image/jpeg:395090;000001004.jpg:image/jpeg:407039;000001005.jpg:image/jpeg:424250;;;;;;;;;;;;;;;;;;0;1;0;0;0;0;0;;0;;;;;;;
Административно–производственный комплекс;000000608.jpg:image/jpeg:8627;г. Москва, ул. Электрозаводская, д.21;;;;;;Кассеты из композитных материалов, керамогранит (видимое крепление) и витражи;;000001009.jpg:image/jpeg:227955;000001011.jpg:image/jpeg:341921;000001013.jpg:image/jpeg:340837;000001015.jpg:image/jpeg:253252;000001017.jpg:image/jpeg:332677;000001019.jpg:image/jpeg:300019;000001021.jpg:image/jpeg:490986;;;;;;;;;;;;;;0;1;0;0;0;0;0;;0;;;;;;;
Комплекс жилых домов;000001336.jpg:image/jpeg:11898;г. Москва, ул. Матросская тишина, вл.10 (корп. 4,5);;;;;;фиброцементные плиты, керамогранит (видимое крепление);;000001328.jpg:image/jpeg:117184;000001334.jpg:image/jpeg:191261;000001332.jpg:image/jpeg:145894;000001330.jpg:image/jpeg:115243;;;;;;;;;;;;;;;;;0;1;0;0;0;0;0;;0;;;;;;;
ЖК «LIFE-Митинская»;IMG_8038(1) copy.jpg:image/jpeg:17020;г. Москва, Пятницкое шоссе, д. 21;2014.0;Ронсон-100;;;;фиброцементные плиты;;IMG_8026.JPG:image/jpeg:819934;IMG_8038(1).jpg:image/jpeg:621196;IMG_8043(1).jpg:image/jpeg:660511;;;;;;;;;;;;;;;;;;1;0;0;0;0;0;0;;0;;;;;;;
ЖК «Переделкино ближнее», Московская область;IMG_7850 copy.JPG:image/jpeg:19024;Московская обл., д. Рассказовка;2014.0;Ронсон-100;;;;фиброцементные плиты;;IMG_7821(1).jpg:image/jpeg:643387;IMG_7831(1).jpg:image/jpeg:650142;IMG_7838(1).jpg:image/jpeg:619689;IMG_7850.JPG:image/jpeg:773972;IMG_7879(1).jpg:image/jpeg:752331;;;;;;;;;;;;;;;;1;0;0;0;0;0;0;;0;;;;;;;
Апарт-комплекс «Loft Garden»;lg-s.jpg:image/jpeg:12650;г .Москва, ул. 2-ая Рыбинская, д. 13;2014.0;Ронсон-500;Ронсон-600;;;декоративный камень White Hills, декор из стеклофибробетона;;lg1.jpg:image/jpeg:280917;lg2.jpg:image/jpeg:161179;;;;;;;;;;;;;;;;;;;1;1;0;0;0;1;0;;0;;;;;;;
ЖК «Соколиный форт», г. Москва;000.jpg:image/jpeg:12897;ул. 1-ая Мясниковская, вл. 2;2016.0;;;;;фасадный декор;;DSC08644.jpg:image/jpeg:183483;DSC08655.jpg:image/jpeg:224848;IMG_1308(1).jpg:image/jpeg:225055;IMG_1348(1).jpg:image/jpeg:229961;IMG_1372(1).jpg:image/jpeg:310151;IMG_1351(1).jpg:image/jpeg:302317;IMG_1379(1).jpg:image/jpeg:262807;;;;;;;;;;;;;;0;0;0;0;0;1;0;;1;;;;;;;
Апарт-комплекс «Loft Park»;1446-18 copy.jpg:image/jpeg:12800;г .Москва, ул. Михалковская, д. 48;2014.0;Ронсон-500;;;;клинкер;;1446-18.jpg:image/jpeg:44475;bba8db56aba26d3ed8083ebf7a36cdee.jpg:image/jpeg:391590;DSC_0035.JPG:image/jpeg:227116;;;;;;;;;;;;;;;;;;1;1;0;0;1;0;0;;0;;;;;;;
Апарт-комплекс «LOFT POST»;5a138ec8e3e3fd4e65f428349bfd1869 copy.jpg:image/jpeg:18856;г. Москва, ул. Фридриха Энгельса, д. 46;2014.0;Ронсон-500;;;;клинкер;;5a138ec8e3e3fd4e65f428349bfd1869.jpg:image/jpeg:599402;IMG_0339.JPG:image/jpeg:137163;IMG_0340.JPG:image/jpeg:337772;;;;;;;;;;;;;;;;;;1;1;0;0;1;0;0;;0;;;;;;;
Школа;IMG-20140520-WA0014 copy.jpg:image/jpeg:17513;г. Балашиха, воинская часть 3111;2014.0;Ронсон-200;Ронсон-500;;;КЛИНКЕР РОНСОН (Dark brown), кассеты из композита и стали;;1.jpg:image/jpeg:410505;;;;;;;;;;;;;;;;;;;;1;0;0;0;1;0;0;;0;;;;;;;
Административное здание;00.jpg:image/jpeg:36254;Жилой дом, г. Омск, ул. Герцена, 48;2016.0;Ронсон-500;;;;клинкер, декор из стеклофибробетона;;1.jpg:image/jpeg:659963;2.jpg:image/jpeg:868431;3.jpg:image/jpeg:807646;4.jpg:image/jpeg:863235;5.jpg:image/jpeg:807609;6.jpg:image/jpeg:649319;;;;;;;;;;;;;;;1;0;0;0;0;1;0;;1;;;;;;;
МФК «Match Point»;0.jpg:image/jpeg:22127;г. Москва, ул. Василисы Кожиной, д. 13;2019.0;Ронсон-200;;;;стальной листовой композит;;001.jpg:image/jpeg:267698;002.jpg:image/jpeg:194617;003.jpg:image/jpeg:311735;004.jpg:image/jpeg:197553;005.jpg:image/jpeg:202706;08.jpg:image/jpeg:172394;;;;;;;;;;;;;;;1;0;0;0;0;0;0;;1;;;;;;;
Гипермаркет «Столплит Хоум»;s.jpg:image/jpeg:11381;г.Волгоград, ул. Историческая, 159;2014.0;Ронсон-200;;;;кассеты из алюмокомпозита;;3.jpg:image/jpeg:118589;;;;;;;;;;;;;;;;;;;;1;0;0;0;0;0;0;;0;;;;;;;
ЖК «Царская столица», г. Санкт;cst-sml.jpg:image/jpeg:9846;г. Санкт-Петербург, ул. Миргородская, д. 1;2014.0;Ронсон-500;;;;клинкер;;cst.jpg:image/jpeg:160212;;;;;;;;;;;;;;;;;;;;1;0;0;0;1;0;0;;0;;;;;;;
ЖК «Виноградный»;IMG_7665(1) copy.jpg:image/jpeg:15973;г. Москва, Измайловский пр-д, вл. 1;2014.0;;;;;керамогранит (видимое крепление), декоративные изделия из стеклофибробетона, декоративные изделия из полимербетона;;IMG_7656.JPG:image/jpeg:156823;IMG_7665(1).jpg:image/jpeg:234037;IMG_7667(1).jpg:image/jpeg:353101;;;;;;;;;;;;;;;;;;1;1;0;0;0;0;0;;0;;Элитный жилой комплекс «Виноградные пруды»;;;;;
Частный дом;00.jpg:image/jpeg:21405;;2016.0;Ронсон-500;;;;декоративный камень White Hills;;01.jpg:image/jpeg:166417;02.jpg:image/jpeg:255227;;;;;;;;;;;;;;;;;;;1;0;0;0;1;0;0;;1;;;;;;;
Частный дом г. Набережные Челны;dom-naberejnie-chelni_small.jpg:image/jpeg:9726;г.Набережные Челны;2014.0;Ронсон-500;;;;клинкер;;Dark-red_dark-brown_01.jpg:image/jpeg:126682;Dark-red_dark-brown_02.jpg:image/jpeg:93710;Dark-red_dark-brown_04.jpg:image/jpeg:94973;Dark-red_dark-brown_05.jpg:image/jpeg:70561;Dark-red_dark-brown_06.jpg:image/jpeg:75025;;;;;;;;;;;;;;;;1;1;0;0;1;0;0;;0;;;;;;;
Детский сад №2120, корпус Д4;det-sad-sloniki_small.jpg:image/jpeg:9007;г.Москва, ул.Никитина, 6;2013.0;Ронсон-100;;;;фиброцементные плиты;;det-sad-sloniki_1.jpg:image/jpeg:52608;det-sad-sloniki_2.jpg:image/jpeg:70026;det-sad-sloniki_3.jpg:image/jpeg:76149;det-sad-sloniki_4.jpg:image/jpeg:83077;;;;;;;;;;;;;;;;;1;0;0;0;0;0;0;;0;;;;;;;
Детский сад №23 «Золотой ключик»;det-sad-zolotoi-kluchik-1_small.jpg:image/jpeg:10308;Московская обл., г. Домодедово, микрорайон Западный, улица Дружбы, стр. 4а;2014.0;Ронсон-300;;;;керамогранит (видимое крепление);;det-sad-zolotoi-kluchik-1.jpg:image/jpeg:115186;det-sad-zolotoi-kluchik-2.jpg:image/jpeg:63297;;;;;;;;;;;;;;;;;;;1;0;0;0;0;0;0;;0;;;;;;;
Частный дом;dom-mo_small.jpg:image/jpeg:10070;Московская область;2014.0;Ронсон-500;;;;клинкер;;dom-mo.jpg:image/jpeg:220330;dom-mo_2.jpg:image/jpeg:159294;;;;;;;;;;;;;;;;;;;1;1;0;0;1;0;0;;0;;;;;;;
Котельная в административном комплексе;11111.jpg:image/jpeg:8867;г.Москва, Нижний Сусальный переулок, д.5, стр.7;2015.0;Ронсон-500;;;;клинкер;;;IMG_3840.jpg:image/jpeg:188397;IMG_3855.jpg:image/jpeg:178862;;;;;;;;;;;;;;;;;;1;1;0;0;1;0;0;;0;;;;;;;
ЖК «Тринити»;000.jpg:image/jpeg:26657;г.Владивосток, ул.Державина, 21;2015.0;Ронсон-500;;;;клинкер;;001.jpg:image/jpeg:231719;002.jpg:image/jpeg:279922;003.jpg:image/jpeg:258200;;;;;;;;;;;;;;;;;;1;0;0;0;1;0;0;;0;;;;;;;
Частный дом;7s.jpg:image/jpeg:11012;г.Тольятти;2015.0;Ронсон-100;;;;плиты KMEW;;7.jpg:image/jpeg:206572;;;;;;;;;;;;;;;;;;;;0;0;0;0;0;0;0;;0;;;;;;;
Многоквартирные жилые дома, г. Южно;000000.jpg:image/jpeg:11174;г.Южно-Сахалинск, 13 А микрорайон, улица Комсомольская;2015.0;Ронсон-100;;;;плиты KMEW;;1.jpg:image/jpeg:159434;6-5.jpg:image/jpeg:171403;6-12.jpg:image/jpeg:137523;6-13.jpg:image/jpeg:172080;;;;;;;;;;;;;;;;;1;0;0;0;0;0;0;;0;;;;;;;
Детская областная больница, г. Южно;2small.jpg:image/jpeg:10908;г.Южно-Сахалинск, ул.Ленина, д.311;2012.0;Ронсон-100;Ронсон-300;;;плиты KMEW, керамогранит (видимое крепление);;2.jpg:image/jpeg:161918;2(2).jpg:image/jpeg:181201;2(3).jpg:image/jpeg:160214;;;;;;;;;;;;;;;;;;0;0;0;0;0;0;0;;0;;;;;;;
Частный дом, г. Южно;5s.jpg:image/jpeg:8942;г.Южно-Сахалинск;2014.0;Ронсон-100;;;;плиты KMEW;;5.jpg:image/jpeg:186534;5(1).jpg:image/jpeg:125949;;;;;;;;;;;;;;;;;;;1;0;0;0;0;0;0;;0;;;;;;;
Кафе, г. Южно;6s.jpg:image/jpeg:9183;г.Южно-Сахалинск, ул.Отдаленная;2014.0;Ронсон-100;;;;плиты KMEW;;6.jpg:image/jpeg:148707;;;;;;;;;;;;;;;;;;;;0;0;0;0;0;0;0;;0;;;;;;;
Городские бани, г. Южно;8s.jpg:image/jpeg:10681;г.Южно-Сахалинск;2014.0;Ронсон-100;;;;плиты KMEW;;8.jpg:image/jpeg:122034;;;;;;;;;;;;;;;;;;;;0;0;0;0;0;0;0;;0;;;;;;;
"Торговый центр ""Скандинавия""";10s.jpg:image/jpeg:10986;Торговый центр  Скандинавия;2014.0;Ронсон-100;;;;плиты KMEW;;10.jpg:image/jpeg:176876;;;;;;;;;;;;;;;;;;;;1;0;0;0;0;0;0;;0;;;;;;;
Жилой комплекс, г.Южно;11s.jpg:image/jpeg:10816;г.Южно-Сахалинск;2014.0;Ронсон-100;;;;плиты KMEW;;11.jpg:image/jpeg:166378;;;;;;;;;;;;;;;;;;;;0;0;0;0;0;0;0;;0;;;;;;;
Жилой дом, г. Ханты;3s.jpg:image/jpeg:10984;г.Ханты-Мансийск;2014.0;Ронсон-400;Ронсон-600;;;керамогранит (скрытое крепление), натуральный камень, декор из стеклофибробетона;;3.jpg:image/jpeg:159976;3(1).jpg:image/jpeg:243769;;;;;;;;;;;;;;;;;;;1;0;0;1;0;1;0;;0;;;;;;;
ЖК «Валентиновка Парк»;111111111.jpg:image/jpeg:10823;Московская область, г. Королев, ул. Добролюбова;2016.0;Ронсон-300 (крепление в межэтажные перекрытия);;;;керамогранит (видимое крепление);;1c01013bba06afb470574cf565c29281-(1).jpg:image/jpeg:181483;004a85db6d804de08ad3d29cb8fd3873.jpg:image/jpeg:133071;5fc35bd756be9f18ccf5653d8dbce06d-(1).jpg:image/jpeg:184687;7f743aa333e2d83f8980918226cf874b-(1).jpg:image/jpeg:172732;8a1f451bc416444339cfcb2ca4965b6e.jpg:image/jpeg:127219;b6f34af016a331d7fd78e05b6b5860ce.jpg:image/jpeg:156471;;;;;;;;;;;;;;;1;0;0;0;0;0;0;;0;;;;;;;
Комплекс жилых зданий в Сколково, Московская область;0.jpg:image/jpeg:8034;Москвская обл., Одинцовский р-н, п.Заречье.;2015.0;Ронсон-500;;;;декоративный камень White Hills;;2.jpg:image/jpeg:240277;1024x768-k1_7.jpg:image/jpeg:769733;3.jpg:image/jpeg:147959;4.jpg:image/jpeg:106624;5.jpg:image/jpeg:122535;6.jpg:image/jpeg:617037;;;;;;;;;;;;;;;1;0;0;0;1;0;0;;0;;;;;;;
Офисное здание;ofzd-s.jpg:image/jpeg:11751;г.Москва, ул.Орджоникидзе, 11;2015.0;Ронсон-300;;;;керамогранит (видимое крепление);;ofzd.jpg:image/jpeg:257214;;;;;;;;;;;;;;;;;;;;1;0;0;0;0;0;0;;0;;;;;;;
ЖК «Большой»;00.jpg:image/jpeg:8953;г. Краснодар, улица Красная, 176;2016.0;Ронсон-300;Ронсон-400;;;керамогранит (видимое крепление), керамогранит (скрытое крепление), декор из стеклофибробетона;;_MG_6692.jpg:image/jpeg:100778;115.jpg:image/jpeg:102458;122.jpg:image/jpeg:107271;123.jpg:image/jpeg:105106;118.jpg:image/jpeg:145037;125.jpg:image/jpeg:172945;120.jpg:image/jpeg:66301;;;;;;;;;;;;;;1;0;0;1;0;1;0;;0;;;;;;;
Офисное здание «Объединенной Ракетно-Космической корпорации»;1s.jpg:image/jpeg:10058;г.Москва, Бережковская набережная, 22;2014.0;Ронсон-300;;;;керамогранит (видимое крепление), декор из стеклофибробетона;;1.jpg:image/jpeg:158334;1(1).jpg:image/jpeg:165113;1(2).jpg:image/jpeg:167772;1(3).jpg:image/jpeg:140741;;;;;;;;;;;;;;;;;1;0;0;0;0;0;0;;0;;;;;;;
ЖК «Берег Скалбы», Московская область;2-(1)s.jpg:image/jpeg:10578;Московская обл., г.Ивантеевка, ул.Хлебозаводская, 10;2014.0;Ронсон-300;;;;керамогранит (видимое крепление);;2-(1).jpg:image/jpeg:304661;2-(2).jpg:image/jpeg:148715;;;;;;;;;;;;;;;;;;;1;0;0;0;0;0;0;;0;;;;;;;
ТЦ «Город Рязанский проспект»;5s.jpg:image/jpeg:11407;г. Москва, Рязанский проспект, 2 корпус 2/корпус 3;2014.0;Ронсон-300 (крепление в межэтажные перекрытия);;;;керамогранит (видимое крепление);;5-(1).jpg:image/jpeg:216807;5-(2).jpg:image/jpeg:291628;5-(4).jpg:image/jpeg:210972;;;;;;;;;;;;;;;;;;1;0;0;0;0;0;0;;0;;;;;;;
Комплекс жилых домов;6-s.jpg:image/jpeg:9971;г.Балашиха, мкр-н Сокраменто;2014.0;Ронсон-300 (крепление в межэтажные перекрытия);;;;керамогранит (видимое крепление);;6-(1).jpg:image/jpeg:191473;6-(2).jpg:image/jpeg:150879;;;;;;;;;;;;;;;;;;;1;0;0;0;0;0;0;;0;;;;;;;
"ТЦ Детский сад «Возрождение» в ЖК ""Бутово парк"", г. Москва";7s.jpg:image/jpeg:12308;Московская обл., д.Бутово,;2014.0;Ронсон-300;;;;керамогранит (видимое крепление);;7.jpg:image/jpeg:180755;;;;;;;;;;;;;;;;;;;;1;0;0;0;0;0;0;;0;;;;;;;
Общеобразовательная школа №439;sco-s.jpg:image/jpeg:12156;г. Москва,  ул.Басовская, д.7;2014.0;Ронсон-100;;;;фиброцементные плиты;;sco.jpg:image/jpeg:168756;;;;;;;;;;;;;;;;;;;;1;0;0;0;0;0;0;;0;;;;;;;
МАОУ Гимназия №3, г. Южно;4-s.jpg:image/jpeg:10044;г.Южно-Сахалинск, ул.Детская, д.80;2014.0;Ронсон-200;;;;линеарные панели;;4-(1).jpg:image/jpeg:248138;4-(2).jpg:image/jpeg:213899;4-(3).jpg:image/jpeg:316986;4-(4).jpg:image/jpeg:238310;;;;;;;;;;;;;;;;;1;0;0;0;0;0;0;;0;;;;;;;
ЖК «Сказка», Московская область;0.jpg:image/jpeg:7247;Истринский район, Павло-Слободское сельское поселение, село Павловская Слобода, ул. Красная, д. 9;2015.0;Ронсон-500;Ронсон-100;;;плиты KMEW, декоративный камень White Hills;;1.jpg:image/jpeg:127539;2.jpg:image/jpeg:123669;3.jpg:image/jpeg:152052;4.jpg:image/jpeg:167452;5.jpg:image/jpeg:143121;6.jpg:image/jpeg:135302;7.jpg:image/jpeg:146800;8.jpg:image/jpeg:119444;;;;;;;;;;;;;1;1;0;0;0;0;0;;1;;;;;;;
ЖК «На Симоновском»;0.jpg:image/jpeg:11241;г. Москва, ул. Сосинская, вл. 6,кор. 1, Большой Симоновский переулок, вл. 22,корп.2, ул. 2-я Дубровинская, вл. 5,7,9;2016.0;Ронсон-500;;;;клинкер;;7.jpg:image/jpeg:170302;15.jpg:image/jpeg:255963;20.jpg:image/jpeg:173041;3.jpg:image/jpeg:216894;9.jpg:image/jpeg:159652;22.jpg:image/jpeg:166036;33.jpg:image/jpeg:207381;;;;;;;;;;;;;;1;0;0;0;0;0;0;;1;;;;;;;
ЖК «Счастье в Замоскворечье»;IMG_1425.jpg:image/jpeg:29112;г. Москва, 3-ий Люсиновский переулок, 1;2016.0;Ронсон-500;;;;декоративный камень White Hills, декор из стеклофибробетона;;IMG_1445.jpg:image/jpeg:682384;IMG_1437.jpg:image/jpeg:614326;IMG_1459.jpg:image/jpeg:813060;IMG_1429.jpg:image/jpeg:532098;IMG_1448.jpg:image/jpeg:860372;IMG_1468.jpg:image/jpeg:773646;IMG_1474.jpg:image/jpeg:698872;;;;;;;;;;;;;;1;1;0;0;0;1;0;;2;;;;;;;
ЖК Гранвиль, г. Санкт;00425.jpg:image/jpeg:8980;г. Санкт-Петербург, набережная Лейтенанта Шмидта, д. 21 А;2015.0;Ронсон-500;Ронсон-600;;;декоративный камень White Hills, декор из стеклофибробетона;;415.jpg:image/jpeg:135454;425.jpg:image/jpeg:158600;162.jpg:image/jpeg:111466;422.jpg:image/jpeg:171737;420.jpg:image/jpeg:95243;;;;;;;;;;;;;;;;1;0;0;0;1;1;0;;1;;;;;;;
ЖК «Гороховский 12»;image0.jpg:image/jpeg:12412;г. Москва, Гороховский переулок, дом 12;2016.0;Ронсон-500;;;;клинкер;;image1.jpg:image/jpeg:317717;image2.jpg:image/jpeg:341977;IMG_1387.jpg:image/jpeg:259379;IMG_1399.jpg:image/jpeg:261555;IMG_1403.jpg:image/jpeg:254046;IMG_1412.jpg:image/jpeg:280355;IMG_1416.jpg:image/jpeg:232504;;;;;;;;;;;;;;1;0;0;0;0;0;0;;1;;;;;;;
Торгово-Гаражный комплекс и фитнес клуб Dr. Loder, г. Одинцово;00_4970.jpg:image/jpeg:9817;Московская область, Одинцовский район, поселок ВНИИССОК, ул. Дениса Давыдова, дом 15-17;2015.0;Ронсон-300;Ронсон-200;;;керамогранит (видимое крепление), оцинкованная сталь, светопрозрачные конструкции;;IMG_5094.jpg:image/jpeg:110206;IMG_4970.jpg:image/jpeg:122009;IMG_5100.jpg:image/jpeg:190733;IMG_5005.jpg:image/jpeg:118244;;;;;;;;;;;;;;;;;1;0;0;0;0;0;0;;1;;;;;;;
ЖК «Rotterdam»;kazan0.jpg:image/jpeg:12618;г. Казань, ул. Некрасова, 28;2016.0;Ронсон-500;;;;клинкер, декоративный камень White Hills;;kazan.jpg:image/jpeg:264553;1024x768-1.jpg:image/jpeg:943971;768x1024-IMG_9736(1).jpg:image/jpeg:970288;;;;;;;;;;;;;;;;;;1;0;0;0;0;0;0;;1;;;;;;;
Частный дом;0.jpg:image/jpeg:10796;Московская область, деревня Крюково, село Федоскинское, коттеджный посёлок Аксаково;2015.0;Ронсон-500;;;;клинкер, декоративный камень White Hills, декор из стеклофибробетона;;1.jpg:image/jpeg:167778;2.jpg:image/jpeg:180265;3.jpg:image/jpeg:127085;;;;;;;;;;;;;;;;;;1;0;0;0;0;1;0;;1;;;;;;;
Центр развития ребенка – детский сад № 1007;0.jpg:image/jpeg:8686;г. Москва, улица Маршала Тимошенко, д. 40, стр. 2;2015.0;Ронсон-100 (крепление в межэтажные перекрытия);;;;фиброцементные плиты;;1.jpg:image/jpeg:132070;2.jpg:image/jpeg:239294;3.jpg:image/jpeg:157111;IMG_4115.jpg:image/jpeg:561000;IMG_4127.jpg:image/jpeg:445569;IMG_4232.jpg:image/jpeg:666513;IMG_4203.jpg:image/jpeg:600606;;;;;;;;;;;;;;1;0;0;0;0;0;0;;1;;;;;;;
Административное здание Водоканала г. Санкт;DSC_9355_0.jpg:image/jpeg:10203;г. Санкт-Петербург, ул. Комсомола, 19;2015.0;Ронсон-300;Ронсон-500;;;керамогранит, терракота, клинкер, декор из стеклофибробетона;;DSC_9355.jpg:image/jpeg:132568;DSC_9370.jpg:image/jpeg:113130;;;;;;;;;;;;;;;;;;;1;0;0;0;1;1;0;;1;;;;;;;
Частный дом;0000.jpg:image/jpeg:7006;Республика Татарстан, Набережные Челны;2015.0;RONSON HOUSE;;;;декоративный камень White Hills;;DSC_0084.jpg:image/jpeg:68457;DSC_0065(1).jpg:image/jpeg:90278;;;;;;;;;;;;;;;;;;;1;0;0;0;0;0;0;;1;;;;;;;
Частный дом, Московская область;003.jpg:image/jpeg:8494;г. Серпухов;2015.0;RONSON HOUSE;;;;декоративный камень White Hills;;IMG_4024.jpg:image/jpeg:125073;11.jpg:image/jpeg:107609;;;;;;;;;;;;;;;;;;;1;0;0;0;0;0;0;;1;;;;;;;
ТК «Каширский Двор» 1 корпус;55555.jpg:image/jpeg:24530;г. Москва, пересечение Каширского шоссе и Коломенского проезда;2016.0;Ронсон-200;Ронсон-300;;;кассеты из композита и стали, ламели, карнизы и профлист из оцинкованной стали, керамогранит (видимое крепление);;image1.jpg:image/jpeg:177462;image2.jpg:image/jpeg:152295;image3.jpg:image/jpeg:169268;image4.jpg:image/jpeg:187675;image6.jpg:image/jpeg:152147;image7.jpg:image/jpeg:167363;image5.jpg:image/jpeg:154245;;;;;;;;;;;;;;1;0;0;0;0;0;0;;1;;;;;;;
Научный парк МГУ, лабораторный корпус;0000.jpg:image/jpeg:12303;г. Москва, микрорайон Ленинские Горы, 1 С 75 Г;2017.0;Ронсон-100;;;;фиброцементные плиты;;IMG_5530.jpg:image/jpeg:286258;;;;;;;;;;;;;;;;;;;;1;0;0;0;0;0;0;;1;;;;;;;
Административное здание;00.jpg:image/jpeg:8514;г. Саратов, Октябрьский район, ул. Советская, 13;2015.0;Ронсон-500;;;;декоративный камень White Hills;;01.jpg:image/jpeg:148739;02.jpg:image/jpeg:150557;;;;;;;;;;;;;;;;;;;1;0;0;0;1;0;0;;1;;;;;;;
Дом отдыха «Лужки.Клуб», Московская область;00.jpg:image/jpeg:24385;Московская обл., Истринский район, дер. Аносино, ул. Подмосковная д.1;2017.0;Ронсон-500;;;;декоративный камень White Hills;;01.jpg:image/jpeg:168847;02.jpg:image/jpeg:193082;03.jpg:image/jpeg:609666;04.jpg:image/jpeg:747800;05.jpg:image/jpeg:619569;06.jpg:image/jpeg:837764;;;;;;;;;;;;;;;1;0;0;0;1;0;0;;1;;;;;;;
Административное здание;0.jpg:image/jpeg:7558;Московская область, Ярославское шоссе, посёлок Тарасовка;2015.0;Ронсон-500;;;;декоративный камень White Hills, декор из стеклофибробетона;;1.jpg:image/jpeg:102939;2.jpg:image/jpeg:143205;4.jpg:image/jpeg:118558;;;;;;;;;;;;;;;;;;1;1;0;0;1;1;0;;1;;;;;;;
К «Альфа Центавра»;01.jpg:image/jpeg:10664;Московская область, г. Химки, ул. 9 Мая, между ул. Парковая и Нагорным шоссе;2015.0;Ронсон-100;Ронсон-300;;;фиброцементные плиты, керамогранит (видимое крепление);;26.jpg:image/jpeg:127326;31.jpg:image/jpeg:546242;30.jpg:image/jpeg:789356;32.jpg:image/jpeg:527051;34.jpg:image/jpeg:572193;29.jpg:image/jpeg:754831;36.jpg:image/jpeg:555676;;;;;;;;;;;;;;1;0;0;0;0;0;0;;1;;;;;;;
Мортонград «Путилково»;11111.jpg:image/jpeg:14255;Московская область, Красногорский район, деревня Путилково;2015.0;Ронсон-300;;;;керамогранит (видимое крепление);;IMG_6091(1).jpg:image/jpeg:321886;IMG_6109(1).jpg:image/jpeg:297676;IMG_6113(1).jpg:image/jpeg:303689;IMG_6296(1).jpg:image/jpeg:368295;IMG_5916(1).jpg:image/jpeg:167445;IMG_6035(1).jpg:image/jpeg:252098;IMG_6047(1).jpg:image/jpeg:230930;;;;;;;;;;;;;;1;0;0;0;0;0;0;;1;;;;;;;
Общеобразовательная школа Мортонград «Путилково»;00.jpg:image/jpeg:26413;Московская область, Красногорский район, деревня Путилково;2016.0;Ронсон-300 (крепление в межэтажные перекрытия);;;;керамогранит (видимое крепление);;1024x768-1.JPG:image/jpeg:780824;1024x768-2.JPG:image/jpeg:838479;1024x768-3.JPG:image/jpeg:876772;1024x768-4.JPG:image/jpeg:870513;1024x768-5.jpg:image/jpeg:941435;1024x768-6.JPG:image/jpeg:786027;;;;;;;;;;;;;;;1;1;0;0;0;0;0;;1;;;;;;;
Фитнес-клуб XFit Алтуфьево PREMIUM;000.jpg:image/jpeg:10261;г. Москва, парк Лианозово, ул. Угличская, д. 13;2016.0;Ронсон-100;;;;фиброцементные плиты;;DSC08585.jpg:image/jpeg:188192;DSC08575.jpg:image/jpeg:246573;DSC08573.jpg:image/jpeg:312257;;;;;;;;;;;;;;;;;;1;0;0;0;0;0;0;;1;;;;;;;
Бизнес-центр класса А «DELTA»;111111.jpg:image/jpeg:9946;г. Архангельск, Набережная Северной Двины, 54;2016.0;Ронсон-500;;;;клинкер, декоративный камень White Hills;;_YP8efT1jkU(1).jpg:image/jpeg:442828;a-g__fUeDC0.jpg:image/jpeg:781592;768x1024-WhiteHills_Tivoli_009_F550-00.jpg:image/jpeg:512624;HhOvslWOnVA.jpg:image/jpeg:717192;IMG_5844.JPG:image/jpeg:2281980;mZoc1DIWLtM.jpg:image/jpeg:1028878;;;;;;;;;;;;;;;1;0;0;0;0;0;0;;1;;;;;;;
Атлетическая деревня, г. Алматы, Республика Казахстан;11111111111.jpg:image/jpeg:12077;г. Алматы, Алатауский район, по ул. Момышулы севернее пр. Рыскулова.;2016.0;Ронсон-100;;;;Rockpanel;;DSC_4717.jpg:image/jpeg:150124;;DSC_4724.jpg:image/jpeg:197135;DSC_4737.jpg:image/jpeg:202709;SL742258.jpg:image/jpeg:209196;SL742261.jpg:image/jpeg:200475;;;;;;;;;;;;;;;1;0;0;0;0;0;0;;1;;;;;;;
Офисное здание;0000.jpg:image/jpeg:11941;г .Москва, Старомонетный переулок, д. 4, стр. 1;2016.0;Ронсон-500;;;;декоративный камень White Hills;;IMG_0684.jpg:image/jpeg:366143;IMG_5580.jpg:image/jpeg:241527;IMG_5669.jpg:image/jpeg:274291;;;;;;;;;;;;;;;;;;1;0;0;0;0;0;0;;1;;;;;;;
ЖК «Научный», г. Нур-Султан;22222222.jpg:image/jpeg:10055;Республика Казахстан, город Астана, Туран проспект, д. 59, стр.1Б;2016.0;Ронсон-100;;;;фиброцементные плиты;;image-09-06-16-05-00-5.jpg:image/jpeg:492102;;;;;;;;;;;;;;;;;;;;0;0;0;0;0;0;0;;1;;;;;;;
ЖК «Валентиновка парк»;0000000000.jpg:image/jpeg:10290;Московская область, г. Королев, ул. Горького, д. 79;2016.0;Ронсон-500;;;;декоративный камень White Hills;;3e7fa64a691c2656e8c052d0a2115d89.jpg:image/jpeg:183222;7afbf00941bba9e61b4151860c7054ad.jpg:image/jpeg:193063;7dbc19a4b98fc0961d01493fda2c4cbf.jpg:image/jpeg:281477;53eab56a174513b281f7ece5adcff5b8.jpg:image/jpeg:202827;78c8b5188c1cffa9dab5fee7e1bea26b.jpg:image/jpeg:196571;de4b661c39242764e862ce6c2b4b4eae.jpg:image/jpeg:176135;f7c15c1a5f7e74c4c474afe1dd75cb2a.jpg:image/jpeg:178818;;;;;;;;;;;;;;1;0;0;0;1;0;0;;1;;;;;;;
ТРЦ «Ривьера»;222222.jpg:image/jpeg:7926;г. Липецк, ул. Московская, 33;2016.0;Ронсон-200;Ронсон-400;;;кассеты из алюмокомпозита, терракота;;01.jpg:image/jpeg:154037;02.jpg:image/jpeg:164829;03.jpg:image/jpeg:208879;04.jpg:image/jpeg:189049;05.jpg:image/jpeg:191738;06.jpg:image/jpeg:146181;07.jpg:image/jpeg:156389;;;;;;;;;;;;;;1;0;0;0;0;0;0;;1;;;;;;;
Коттеджный поселок Доброград;00.jpg:image/jpeg:31248;Владимирская область;2017.0;Ронсон-500;;;;декоративный камень White Hills;;01.jpg:image/jpeg:213017;02.jpg:image/jpeg:200381;03.jpg:image/jpeg:144957;04.jpg:image/jpeg:150378;;;;;;;;;;;;;;;;;1;0;0;0;1;0;0;;1;;;;;;;
Медицинский центр «МЕДАССИСТ»;11111.jpg:image/jpeg:8392;г. Курск, ул. Димитрова, д. 16- 16 а;2016.0;Ронсон-200;Ронсон-400;;;кассеты из алюмокомпозита, солнцезащитные ламели из композитного материала, терракота;;image-09-06-16-07-11-6.jpg:image/jpeg:268541;image-09-06-16-07-14-4.jpg:image/jpeg:238076;image2.jpg:image/jpeg:209906;image-09-06-16-07-12.jpg:image/jpeg:239191;image-09-06-16-07-12-5.jpg:image/jpeg:121166;;;;;;;;;;;;;;;;1;0;0;0;0;0;0;;1;;;;;;;
ЖК «Наследие»;1111.jpg:image/jpeg:14246;г .Москва, ул. Краснобогатырская, д. 90;2016.0;Ронсон-400;Ронсон-500;;;керамогранит (скрытое крепление 600х1200), натуральный камень, декоративный камень White Hills;;IMG_1254(1).jpg:image/jpeg:231175;IMG_1257(1).jpg:image/jpeg:232318;IMG_1281.jpg:image/jpeg:234305;IMG_1284(1).jpg:image/jpeg:200417;IMG_1289.jpg:image/jpeg:200583;IMG_1292.jpg:image/jpeg:172128;IMG_1306.jpg:image/jpeg:225913;;;;;;;;;;;;;;1;0;0;1;1;0;0;;1;;;;;;;
Электродепо «Нижегородское»;222220.jpg:image/jpeg:23449;г. Москва, шоссе Энтузиастов, вл. 4, стр. 32;2016.0;Ронсон-200;;;;кассеты из алюмокомпозита;;IMG_5710.jpg:image/jpeg:439262;IMG_5754.jpg:image/jpeg:504988;;;;;;;;;;;;;;;;;;;1;0;0;0;0;0;0;;1;;;;;;;
Частный гараж, г. Минск, Республика Беларусь;0.jpg:image/jpeg:8498;Республика Белоруссия, г. Минск;2015.0;Ронсон-500;Ронсон-100;;;HPL панели, клинкер, декоративный камень White Hills;;3.jpg:image/jpeg:134740;2.jpg:image/jpeg:195862;4.jpg:image/jpeg:187943;5.jpg:image/jpeg:149423;7.jpg:image/jpeg:183630;10.jpg:image/jpeg:153699;13.jpg:image/jpeg:237041;;;;;;;;;;;;;;1;0;0;0;1;0;0;;1;;;;;;;
Частный дом;00.jpg:image/jpeg:35529;г. Новосибирск;2017.0;Ронсон-500;;;;декоративный камень White Hills;;01.jpg:image/jpeg:188399;02.jpg:image/jpeg:271943;;;;;;;;;;;;;;;;;;;1;0;0;0;1;0;0;;1;;;;;;;
Многоквартирные жилые дома, г. Южно;11111.jpg:image/jpeg:8456;г.Южно-Сахалинск, 18 микрорайон, ул. Фабричная;2016.0;Ронсон-100;;;;плиты KMEW;;2-1.jpg:image/jpeg:152119;2-5.jpg:image/jpeg:112127;;;;;;;;;;;;;;;;;;;1;0;0;0;0;0;0;;1;;;;;;;
Малоэтажная жилая застройка;11111111.jpg:image/jpeg:11120;г. Красногорск, Сахалинская область;2016.0;Ронсон-100;;;;плиты KMEW;;4-13.JPG:image/jpeg:779559;4-8.jpg:image/jpeg:648331;4-15(1).jpg:image/jpeg:359406;;;;;;;;;;;;;;;;;;1;0;0;0;0;0;0;;1;;;;;;;
Автозаправочный комплекс «Армрос», г. Южно;111111111.jpg:image/jpeg:8044;г. Южно-Сахалинск, ул. Ленина, 441 а;2015.0;Ронсон-200 (крепление в межэтажные перекрытия);;;;кассеты из композитных материалов;;DSC06401.jpg:image/jpeg:142697;DSC06403.jpg:image/jpeg:121369;;;;;;;;;;;;;;;;;;;1;0;0;0;0;0;0;;1;;;;;;;
ЖК «Лермонтова, 10», г. Королёв;000.jpg:image/jpeg:13502;г. Королев, ул. Лермонтова, 10;2016.0;Ронсон-300;;;;керамогранит (видимое крепление);;1.jpg:image/jpeg:184542;2.jpg:image/jpeg:216644;4.jpg:image/jpeg:196535;5.jpg:image/jpeg:197638;6.jpg:image/jpeg:241269;20160617_102820.jpg:image/jpeg:175146;20160617_103023.jpg:image/jpeg:227278;;;;;;;;;;;;;;1;0;0;0;0;0;0;;1;;;;;;;
Школа в Бутово Парк 2 Б;0010.jpg:image/jpeg:11752;Московская область, Ленинский район, д. Дрожжино, микрорайон Бутово Парк 2 Б;2016.0;Ронсон-300;;;;керамогранит (видимое крепление);;image1.jpg:image/jpeg:205567;image2.jpg:image/jpeg:302461;image4.jpg:image/jpeg:244563;image6.jpg:image/jpeg:195090;image3(1).jpg:image/jpeg:228486;image5(1).jpg:image/jpeg:166736;;;;;;;;;;;;;;;1;0;0;0;0;0;0;;1;;;;;;;
Бизнес центр «7 Авеню»;0000.jpg:image/jpeg:7776;г. Самара, ул. Ново-Садовая, 3а;2015.0;Ронсон-100;;;;ROCKPANEL;;1_54000000000.jpg:image/jpeg:121719;dsh-222.jpg:image/jpeg:179003;dsh-1.jpg:image/jpeg:190598;;;;;;;;;;;;;;;;;;1;0;0;0;0;0;0;;1;;;;;;;
Частный дом;00.jpg:image/jpeg:60659;;2016.0;Ронсон-500;;;;декоративный камень White Hills;;01.jpg:image/jpeg:207906;;;;;;;;;;;;;;;;;;;;1;0;0;0;1;0;0;;1;;;;;;;
Офисное здание;00.jpg:image/jpeg:11469;г. Москва, проспект Вернадского, 37;2016.0;Ронсон-500;;;;клинкер;;1111.jpg:image/jpeg:238911;;;;;;;;;;;;;;;;;;;;1;0;0;0;1;0;0;;1;;;;;;;
Общеобразовательная школа;0.jpg:image/jpeg:23107;Московская область, Ленинский район, сельское поселение Совхоз имени Ленина, д. 21;2016.0;Ронсон-500;;;;клинкер;;1024x768-1.JPG:image/jpeg:477341;1024x768-2.JPG:image/jpeg:609868;1024x768-3.jpeg:image/jpeg:106642;1024x768-4.JPG:image/jpeg:586288;;;;;;;;;;;;;;;;;1;0;0;0;1;0;0;;1;;;;;;;
Гостиница, г. Южно;11111.jpg:image/jpeg:11157;г. Южно-Сахалинск, ул. Пушкина, 161;2015.0;Ронсон-100;;;;плиты KMEW;;3-5.jpg:image/jpeg:222828;3-10.jpg:image/jpeg:349522;;;;;;;;;;;;;;;;;;;1;0;0;0;0;0;0;;1;;;;;;;
Супермаркет «Фреш 25», г. Южно;1111.jpg:image/jpeg:11210;г. Южно-Сахалинск, ул. Комсомольская, 281;2014.0;Ронсон-100;;;;плиты KMEW;;8-3(1).jpg:image/jpeg:185776;;;;;;;;;;;;;;;;;;;;1;0;0;0;0;0;0;;1;;;;;;;
Жилой дом, г. Шымкент;11111.jpg:image/jpeg:13963;Республика Казахстан, г. Шымкент, ул. Туркестанская, д. 55;2016.0;Ронсон-400;Ронсон-500;;;натуральный камень, клинкер;;image-25-07-16-09-41-(1).jpg:image/jpeg:229335;image-25-07-16-09-41-1-(2).jpg:image/jpeg:284222;image-25-07-16-09-41-4(5).jpg:image/jpeg:231699;image-25-07-16-09-41-4(6).jpg:image/jpeg:211970;image-25-07-16-09-41-6(7).jpg:image/jpeg:312093;image-25-07-16-09-41-6(8).jpg:image/jpeg:263206;image-25-07-16-09-41-6(9).jpg:image/jpeg:276188;;;;;;;;;;;;;;1;0;0;0;1;0;0;;1;;;;;;;
Офисное здание;000.jpg:image/jpeg:22133;г. Москва, ул. Кирпичная, д.34а, стр.3;2016.0;Ронсон-300;;;;керамогранит (видимое крепление);;001.jpg:image/jpeg:152284;002.jpg:image/jpeg:168952;;;;;;;;;;;;;;;;;;;1;0;0;0;0;0;0;;1;;;;;;;
Жилой дом;000.jpg:image/jpeg:26950;г. Красногорск, ул. Дачная, д. 5 (пересечение ул. Правды, 7 и ул. Песочная, 3);2016.0;Ронсон-300;;;;керамогранит (видимое крепление);;001.jpg:image/jpeg:309007;002.jpg:image/jpeg:270553;003.jpg:image/jpeg:339440;;;;;;;;;;;;;;;;;;1;0;0;0;0;0;0;;1;;;;;;;
Спорт бар «The Red Machine»;0.jpg:image/jpeg:5288;г. Москва, ул. Автозаводская, д. 23а, кор. 3;2017.0;Ронсон-500;Ронсон-100;;;HPL панели, декоративный камень White Hills;;1.jpg:image/jpeg:127848;2.jpg:image/jpeg:131983;3.jpg:image/jpeg:116702;4.jpg:image/jpeg:179916;5.jpg:image/jpeg:91176;6.jpg:image/jpeg:113181;7.jpg:image/jpeg:106316;8.jpg:image/jpeg:128474;;;;;;;;;;;;;1;0;0;0;0;0;0;;1;;;;;;;
ЖК «Марьина роща»;0.jpg:image/jpeg:28154;г. Москва, 1 проезд Марьиной рощи, вл. 2;2017.0;Ронсон-500;;;;декоративный камень White Hills;;1.jpg:image/jpeg:794101;2.jpg:image/jpeg:912488;3.jpg:image/jpeg:208238;4.jpg:image/jpeg:925631;5.jpg:image/jpeg:1188956;6.jpg:image/jpeg:745568;;;;;;;;;;;;;;;1;0;0;0;0;0;0;;1;;;;;;;
ТЦ «Николин Парк»;0.jpg:image/jpeg:22534;г. Москва, п. Сосенское, ул. Николо-Хованская, д. 28.;2017.0;Ронсон-500;;;;декоративный камень White Hills;;1024x768-1.JPG:image/jpeg:747184;1024x768-2.JPG:image/jpeg:706783;1024x768-3.JPG:image/jpeg:828297;1024x768-4.JPG:image/jpeg:612890;;;;;;;;;;;;;;;;;1;0;0;0;0;0;0;;1;;;;;;;
ЖК «SREDA»;0.jpg:image/jpeg:27884;г. Москва, Рязанский проспект, вл.2;2017.0;Ронсон-500;Ронсон-600;;;фиброцементные плиты, декоративный камень White Hills, декор из стеклофибробетона;;1024x768-1.jpg:image/jpeg:905768;1024x768-2.jpg:image/jpeg:886503;1024x768-3.jpg:image/jpeg:967529;1024x768-4.jpg:image/jpeg:957068;1024x768-5.jpg:image/jpeg:934974;1024x768-6.jpg:image/jpeg:858156;768x1024-7.jpg:image/jpeg:1057921;;;;;;;;;;;;;;1;0;0;0;0;1;0;;1;;;;;;;
ЖК «Алые Паруса»;0.jpg:image/jpeg:30529;г. Москва, ул. Авиационная, д.77;2017.0;Ронсон-500;;;;клинкер;;1024x768-1.jpg:image/jpeg:1055691;1024x768-2.jpg:image/jpeg:1084920;1024x768-3.jpg:image/jpeg:1059559;1024x768-4.jpg:image/jpeg:819305;768x1024-5.jpg:image/jpeg:1201415;768x1024-6.jpg:image/jpeg:1034903;;;;;;;;;;;;;;;1;0;0;0;1;0;0;;1;;;;;;;
Универмаг;00.jpg:image/jpeg:19570;г. Домодедово, ул. Советская, д. 20;2014.0;Ронсон-200;;;;кассеты из алюмокомпозита;;01.jpg:image/jpeg:187344;02.jpg:image/jpeg:115625;;;;;;;;;;;;;;;;;;;1;0;0;0;0;0;0;;1;;;;;;;
Средняя общеобразовательная школа №21;00.jpg:image/jpeg:30565;г. Балашиха, ул. Баландина, Воинская часть 3111;2015.0;Ронсон-500;Ронсон-200;;;кассеты из алюмокомпозита, клинкер;;01.jpg:image/jpeg:274789;02.jpg:image/jpeg:322491;03.jpg:image/jpeg:134751;;;;;;;;;;;;;;;;;;1;0;0;0;0;0;0;;1;;;;;;;
Москва-Сити;00.jpg:image/jpeg:19972;"г. Москва, Краснопресненская ММДЦ &quot;Москва-Сити&quot;";2017.0;Ронсон-400;;;;керамогранит (скрытое крепление);;01.jpg:image/jpeg:150128;02.jpg:image/jpeg:106638;;;;;;;;;;;;;;;;;;;1;0;0;1;0;0;0;;1;;;;;;;
ЖК «Клубный дом на Таганке»;00.jpg:image/jpeg:28634;г. Москва, Брошевский пер, д. 6, стр. 2;2017.0;Ронсон-600;;;;фасадный декор;;1024x768-DSC02679(1).JPG:image/jpeg:810940;768x1024-DSC02669(1).jpg:image/jpeg:967131;;;;;;;;;;;;;;;;;;;1;0;0;0;0;1;0;;1;;;;;;;
ЖК «Невский»;00.jpg:image/jpeg:25328;г Москва, ул. Выборгская, д.7, кор.1 и кор.2;2017.0;Ронсон-600;;;;фасадный декор;;768x1024-IMG_8345(1).jpg:image/jpeg:765342;768x1024-IMG_8360(1).jpg:image/jpeg:917598;1024x768-IMG_8352(1).jpg:image/jpeg:720907;1024x768-IMG_8353(1).jpg:image/jpeg:624286;1024x768-IMG_8355(1).jpg:image/jpeg:758881;;;;;;;;;;;;;;;;1;0;0;0;0;1;0;;1;;;;;;;
ЖК «Родной город. Каховская»;00.jpg:image/jpeg:27902;г. Москва, Внутренний проезд, д. 8;2017.0;Ронсон-600;;;;фасадный декор с интегрированной клинкерной плиткой;;01.jpg:image/jpeg:181524;1024x768-IMG_2060(1).jpg:image/jpeg:1012579;1024x768-IMG_2068(1).jpg:image/jpeg:1092417;;;;;;;;;;;;;;;;;;1;0;0;0;0;1;0;;1;;;;;;;
ЖК «ONLY»;0.jpg:image/jpeg:76579;г. Москва, ул. Заречная, д. 4;2018.0;Ронсон-400;Ронсон-500;;;керамогранит (скрытое крепление), декоративный камень White Hills;;1.jpg:image/jpeg:761496;2.jpg:image/jpeg:874556;3.jpg:image/jpeg:943551;4.jpg:image/jpeg:885048;5.jpg:image/jpeg:965788;6.jpg:image/jpeg:917254;7.jpg:image/jpeg:1013268;8.jpg:image/jpeg:938245;;;;;;;;;;;;;1;0;0;1;1;0;0;;1;;;;;;;
ЖК «Береговой»;0.jpg:image/jpeg:6937;г. Москва, Береговой проезд, д. 3;2019.0;Ронсон-100;Ронсон-500;Ронсон-600;;фиброцементные плиты, декоративный камень White Hills, декор из стеклофибробетона;;1.jpg:image/jpeg:147515;2.jpg:image/jpeg:135237;3.jpg:image/jpeg:160771;4.jpg:image/jpeg:144328;5.jpg:image/jpeg:189641;6.jpg:image/jpeg:118435;7.jpg:image/jpeg:140735;8.jpg:image/jpeg:152671;;;;;;;;;;;;;1;0;0;0;1;1;0;;1;;;;;;;
ЖК «Пикассо»;000.jpg:image/jpeg:9344;г. Москва, ул. Озерная, д. 35, к. 2;2018.0;Ронсон-400;Ронсон-500;;;керамогранит (скрытое крепление), декоративный камень White Hills;;768x1024-IMG_4727(2)-min.jpg:image/jpeg:196344;768x1024-IMG_4736(3)-min.jpg:image/jpeg:198757;768x1024-IMG_4744(2)-min.jpg:image/jpeg:242478;768x1024-IMG_4757(1)-min.jpg:image/jpeg:182506;1024x768-1-min.jpg:image/jpeg:231060;1024x768-IMG_4746(4)-min.jpg:image/jpeg:139739;;;;;;;;;;;;;;;1;0;0;1;1;0;0;;1;;;;;;;
ЖК «Петр I»;111111.jpg:image/jpeg:11264;г. Москва, ул. Красноказарменная, д.14А;2018.0;Ронсон-500;Ронсон-100;;;фиброцементные плиты, клинкер;;01.jpg:image/jpeg:204173;02.jpg:image/jpeg:135061;03.jpg:image/jpeg:45624;04.jpg:image/jpeg:158994;05.jpg:image/jpeg:134096;06.jpg:image/jpeg:163686;;;;;;;;;;;;;;;1;0;0;0;1;0;0;;1;;;;;;;
ЖК «Сердце Столицы»;111111.jpg:image/jpeg:11637;г. Москва, ул. Шеногина, д.1 и Шелипихинская набережная, вл.34;2018.0;Ронсон-500;Ронсон-200;;;металлокасеты, клинкер, профнастил;;1-min.jpg:image/jpeg:2271774;IMG_4913(2)-min.jpg:image/jpeg:2194761;IMG_4936(3)-min.jpg:image/jpeg:2014320;IMG_4961(33)-min.jpg:image/jpeg:2547978;IMG_4966(00)-min.jpg:image/jpeg:1695513;IMG_4974(1)-min.jpg:image/jpeg:2354595;IMG_5069(1)-min.jpg:image/jpeg:2348937;;;;;;;;;;;;;;1;0;0;0;1;0;0;;1;;;;;;;
ЖК «UP квартал Сколковский»;150x150-1.jpg:image/jpeg:34319;г. Москва, ул. Чистяковой, вл. 30 (или 24);2018.0;Ронсон-100;Ронсон-300;Ронсон-400;;керамогранит (видимое крепление), терракота, фиброцементные плиты;;1000x667-2.jpg:image/jpeg:230740;1000x667-3.jpg:image/jpeg:209996;1000x667-4.jpg:image/jpeg:211464;1000x667-5.jpg:image/jpeg:183438;1000x667-6.jpg:image/jpeg:179907;1000x667-7.jpg:image/jpeg:179052;1000x667-8.jpg:image/jpeg:213092;08.jpg:image/jpeg:250291;;;;;;;;;;;;;1;0;0;0;0;0;0;;1;;;;;;;
ЖК «UP квартал Сколковский» Детский сад;150x150-1.jpg:image/jpeg:35069;г. Москва, ул. Чистяковой, вл. 30 (или 24);2018.0;Ронсон-300;;;;керамогранит (видимое крепление);;1000x667-2.jpg:image/jpeg:189113;1000x667-3.jpg:image/jpeg:155662;1000x667-4.jpg:image/jpeg:200123;;;;;;;;;;;;;;;;;;1;0;0;0;0;0;0;;1;;;;;;;
Административное здание (ресторан);150x150-1.jpg:image/jpeg:28594;г. Москва, ул. Большая Татарская, вл. 5;2018.0;Ронсон-400;Ронсон-500;;;натуральный камень, декоративный камень White Hills, декор из литьевого бетона;;667x1000-2.jpg:image/jpeg:101301;667x1000-4.jpg:image/jpeg:96491;1000x667-3.jpg:image/jpeg:161791;1000x667-5.jpg:image/jpeg:172799;;;;;;;;;;;;;;;;;1;0;0;0;1;0;0;;1;;;;;;;
ЖК «Родной город. Воронцовский парк»;150x150-1.jpg:image/jpeg:33682;г. Москва, ул. Профсоюзная, д.66;2018.0;Ронсон-500;;;;декоративный камень White Hills;;667x1000-11.jpg:image/jpeg:149064;667x1000-11.jpg:image/jpeg:149064;1000x667-4.jpg:image/jpeg:204596;1000x667-5.JPG:image/jpeg:161736;1000x667-7.JPG:image/jpeg:143758;1000x667-9.JPG:image/jpeg:191616;1000x667-13.jpg:image/jpeg:154282;;;;;;;;;;;;;;1;0;0;0;1;0;0;;1;;;;;;;
ЖК «Достояние»;150x150-1.jpg:image/jpeg:34212;г. Москва, ул. Ярцевская, д.34 кор.1;2019.0;Ронсон-400;Ронсон-600;;;керамогранит (скрытое крепление), декор из стеклофибробетона;;667x1000-2.JPG:image/jpeg:215327;667x1000-6.JPG:image/jpeg:235036;1000x667-3.JPG:image/jpeg:264441;1000x667-5.JPG:image/jpeg:205217;1000x667-7.JPG:image/jpeg:224294;1000x667-8.JPG:image/jpeg:223891;1000x667-10.JPG:image/jpeg:202606;;;;;;;;;;;;;;1;0;0;1;0;1;0;;1;;;;;;;
Гостиница «Зиларт»;150x150-1.jpg:image/jpeg:30924;г. Москва, ул. Автозаводская, д.23;2018.0;Ронсон-300;;;;керамогранит (видимое крепление);;1000x667-2.jpg:image/jpeg:154555;1000x667-3.jpg:image/jpeg:123211;1000x667-4.jpg:image/jpeg:132167;;;;;;;;;;;;;;;;;;1;0;0;0;0;0;0;;1;;;;;;;
ЖК «Австрийский квартал», г. Нур;mini.jpg:image/jpeg:20073;г. Нур-Султан, ул. Шамши Калдаякова, стр. 4;2019.0;Ронсон-100;Ронсон-400;Ронсон-500;;фиброцементные плиты, натуральный камень, терракота, клинкер, карнизы из стального композита;;1.jpg:image/jpeg:735107;2.jpg:image/jpeg:852270;3.jpg:image/jpeg:854900;4.jpg:image/jpeg:820100;5.jpg:image/jpeg:780751;6.jpg:image/jpeg:658404;;;;;;;;;;;;;;;1;0;0;0;1;0;0;;1;;;;;;;
ЖК «Жизнь на Плющихе»;0.jpg:image/jpeg:7000;г. Москва, ул. Погодинская, вл. 2/3, стр. 1, 2, 3, 4;2019.0;Ронсон-400;Ронсон-500;Ронсон-600;;натуральный камень, натуральный камень с рустами,  декоративный камень White Hills, декор из стеклофибробетона;;1.jpg:image/jpeg:125246;2.jpg:image/jpeg:140481;3.jpg:image/jpeg:127470;4.jpg:image/jpeg:115061;5.jpg:image/jpeg:145138;6.jpg:image/jpeg:134765;7.jpg:image/jpeg:136021;8.jpg:image/jpeg:68596;;;;;;;;;;;;;1;0;0;0;1;1;0;;1;;;;;;;
ЖК «Silver»;0.jpg:image/jpeg:7054;г. Москва, проезд Серебрякова, вл. 11-13;2019.0;Ронсон-200;Ронсон-400;;;металлокассеты, керамогранит (скрытое крепление), натуральный камень с рустами;;1.jpg:image/jpeg:525563;2.jpg:image/jpeg:488782;3.jpg:image/jpeg:467855;4.jpg:image/jpeg:143812;5.jpg:image/jpeg:169489;6.jpg:image/jpeg:157987;;;;;;;;;;;;;;;1;0;0;1;0;0;0;;1;;;;;;;
Образовательный комплекс «Техноград»;00.jpg:image/jpeg:6932;г. Москва, пр. Мира, д. 119, стр. 63;2018.0;Ронсон-600;;;;панели из стеклофибробетона;;01.JPG:image/jpeg:158750;02.JPG:image/jpeg:144720;03.JPG:image/jpeg:120772;04.JPG:image/jpeg:150212;05.JPG:image/jpeg:158508;00.jpg:image/jpeg:6932;;;;;;;;;;;;;;;1;0;0;0;0;1;0;;1;;;;;;;
Апарт-комплекс «Дом 128»;00.jpg:image/jpeg:38550;г. Москва, ул. Профсоюзная, д.128;2018.0;Ронсон-100;Ронсон-300;Ронсон-500;;фиброцементные плиты, керамогранит (видимое крепление), декоративный камень White Hills;;01.jpg:image/jpeg:295752;02.jpg:image/jpeg:241256;03.jpg:image/jpeg:201717;04.jpg:image/jpeg:293943;05.jpg:image/jpeg:201717;06.jpg:image/jpeg:225661;;;;;;;;;;;;;;;1;0;0;0;1;0;0;;1;;;;;;;
Санаторий «Литфонд»;00.jpg:image/jpeg:13090;г. Пецунда, пансионат им. Д. Гулиа;2018.0;Ронсон-300;;;;керамогранит (видимое крепление);;01.jpg:image/jpeg:192576;;;;;;;;;;;;;;;;;;;;1;0;0;0;0;0;0;;1;;;;;;;
Завод «KERAMA MARAZZI», п. Малино;00.jpg:image/jpeg:6272;Московская область, п. Малино, ул. Горького, д. 37;2018.0;Ронсон-400;;;;керамогранит (скрытое крепление 1200х2400);;01.jpg:image/jpeg:791690;02.JPG:image/jpeg:528509;03.JPG:image/jpeg:671928;04.JPG:image/jpeg:500409;;;;;;;;;;;;;;;;;1;0;0;1;0;0;0;;1;;;;;;;
ЖК «Москвичка»;00.jpg:image/jpeg:10639;г. Москва, ул. Василия Ощепкова;2018.0;Ронсон-100;;;;плиты KMEW;;01.JPG:image/jpeg:186079;02.JPG:image/jpeg:171913;03.JPG:image/jpeg:183641;04.JPG:image/jpeg:192415;05.JPG:image/jpeg:189264;06.JPG:image/jpeg:154329;;;;;;;;;;;;;;;1;0;0;0;0;0;0;;1;;;;;;;
Жилой дом «Пресненский вал 21»;0.jpg:image/jpeg:6539;г. Москва, Пресненский вал, д.21;2018.0;Ронсон-200;Ронсон-500;;;клинкер, металлокасеты;;1.jpg:image/jpeg:166277;2.jpg:image/jpeg:169139;3.jpg:image/jpeg:160486;4.jpg:image/jpeg:213257;5.jpg:image/jpeg:118679;6.jpg:image/jpeg:190573;;;;;;;;;;;;;;;1;0;0;0;1;0;0;;1;;;;;;;
Детский Хоспис;00.jpg:image/jpeg:34058;г. Москва, ул. Долгоруковская, д. 30;2018.0;Ронсон-500;;;;декоративный камень White Hills;;01.jpg:image/jpeg:1067775;02.jpg:image/jpeg:1004198;03.jpg:image/jpeg:1024722;04.jpg:image/jpeg:920372;;;;;;;;;;;;;;;;;1;0;0;0;1;0;0;;1;;;;;;;
ЖК «Суббота»;00.jpg:image/jpeg:71386;г. Москва, ул. Верхняя, д.34;2019.0;Ронсон-600;;;;декор из стеклофибробетона;;1.jpg:image/jpeg:124071;02.JPG:image/jpeg:847530;2.jpg:image/jpeg:103789;05.JPG:image/jpeg:807869;06.JPG:image/jpeg:509946;07.JPG:image/jpeg:163502;4.jpg:image/jpeg:98613;5.jpg:image/jpeg:139668;;;;;;;;;;;;;1;0;0;0;0;1;0;;1;;;;;;;
Больница с перинатальным центром;00.jpg:image/jpeg:72158;г. Москва, ул. Сосенский стан, вл. 10/1;2019.0;Ронсон-200;;;;металлокассеты;;01.jpg:image/jpeg:248423;02.jpg:image/jpeg:197278;03.jpg:image/jpeg:237685;04.jpg:image/jpeg:252972;05.jpg:image/jpeg:195685;06.jpg:image/jpeg:259758;;;;;;;;;;;;;;;1;0;0;0;0;0;0;;1;;;;;;;
Мещанский суд;00.jpg:image/jpeg:8316;г. Москва, ул. Каланчевская, вл.43, стр.1;2018.0;Ронсон-200;;;;кассеты из алюмокомпозита;;01.jpg:image/jpeg:213191;02.jpg:image/jpeg:207026;03.JPG:image/jpeg:156101;04.JPG:image/jpeg:210636;05.JPG:image/jpeg:151347;06.JPG:image/jpeg:168962;;;;;;;;;;;;;;;1;0;0;0;0;0;0;;1;;;;;;;
«Konakovo River Club» — event-отель;00.jpg:image/jpeg:6331;Конаково, Тверская обл., Пригородная ул., д.70;2018.0;Ронсон-500;;;;декоративный камень White Hills;;01.JPG:image/jpeg:131929;02.JPG:image/jpeg:95364;03.JPG:image/jpeg:121128;04.JPG:image/jpeg:129863;;;;;;;;;;;;;;;;;1;0;0;0;1;0;0;;1;;;;;;;
Жилой дом;00.jpg:image/jpeg:8774;г. Ногинск, ул. Ильича;2017.0;Ронсон-300;;;;керамогранит (видимое крепление);;01.jpg:image/jpeg:223989;02.jpg:image/jpeg:205692;03.jpg:image/jpeg:196087;;;;;;;;;;;;;;;;;;1;0;0;0;0;0;0;;1;;;;;;;
Административное здание «Серп и Молот»;00.jpg:image/jpeg:8522;г. Москва, Зеленый пр., 10Б;2010.0;Ронсон-300;;;;керамогранит (видимое крепление);;01.JPG:image/jpeg:109994;02.JPG:image/jpeg:111778;03.JPG:image/jpeg:118780;04.jpg:image/jpeg:102994;;;;;;;;;;;;;;;;;1;0;0;0;0;0;0;;1;;;;;;;
Торговый центр «Руза»;00.jpg:image/jpeg:6607;г. Руза, мкр-н Северное сияние (пересечение ул. Федеративная и трассы А108);2016.0;Ронсон-400;;;;терракота;;01.jpg:image/jpeg:98825;02.jpg:image/jpeg:92567;03.jpg:image/jpeg:89495;04.jpg:image/jpeg:77899;05.jpg:image/jpeg:92668;06.jpg:image/jpeg:97339;;;;;;;;;;;;;;;1;0;0;0;0;0;0;;1;;;;;;;
Волейбольная арена «Динамо» в составе МФК «Match Point»;0.jpg:image/jpeg:22127;г. Москва, ул. Василисы Кожиной, д. 13;2019.0;Ронсон-400;;;;натуральный камень;;01.jpg:image/jpeg:87979;02.jpg:image/jpeg:137799;03.jpg:image/jpeg:125618;04.jpg:image/jpeg:85663;05.jpg:image/jpeg:71730;06.jpg:image/jpeg:101343;07.jpg:image/jpeg:100634;08.jpg:image/jpeg:172394;;;;;;;;;;;;;1;0;0;0;0;0;0;;1;;;;;;;
ЖК «Серебряный фонтан» корпус 1;01.jpg:image/jpeg:35273;ЖК «Серебряный фонтан» корпус 1 , г. Москва;2020.0;Ронсон-400;Ронсон-740;;;натуральный камень с рустами, кирпич;;2.jpg:image/jpeg:248993;3.jpg:image/jpeg:252350;4.jpg:image/jpeg:235627;5.jpg:image/jpeg:214668;6.jpg:image/jpeg:279724;7.jpg:image/jpeg:310377;8.jpg:image/jpeg:261988;9.jpg:image/jpeg:301698;10.jpg:image/jpeg:115212;11.jpg:image/jpeg:184122;12.jpg:image/jpeg:266059;13.jpg:image/jpeg:272265;14.jpg:image/jpeg:249645;15.jpg:image/jpeg:317053;16.jpg:image/jpeg:269767;17.jpg:image/jpeg:278095;18.jpg:image/jpeg:257697;19.jpg:image/jpeg:239592;;;1;0;0;0;0;0;0;;1;;;;;;;
ЖК «Символ»;00.jpg:image/jpeg:33711;г. Москва, проезд Завода Серп и Молот, вл. 12;2019.0;Ронсон-500;;;;декоративный камень White Hills;;1.jpg:image/jpeg:133698;2.jpg:image/jpeg:103807;3.jpg:image/jpeg:129065;4.jpg:image/jpeg:119319;5.jpg:image/jpeg:126889;6.jpg:image/jpeg:154462;7.jpg:image/jpeg:132833;8.jpg:image/jpeg:111640;;;;;;;;;;;;;1;0;0;0;1;0;0;;1;;;;;;;
Административное здание АРМА (13 корпус);00.jpg:image/jpeg:6492;г. Москва, Нижний Сусальный пер., вл. 5, стр. 13;2015.0;Ронсон-500;;;;клинкер, витражи;;1.jpg:image/jpeg:134608;2.jpg:image/jpeg:71260;3.jpg:image/jpeg:126292;4.jpg:image/jpeg:218588;5.jpg:image/jpeg:43213;6.jpg:image/jpeg:132108;;;;;;;;;;;;;;;1;0;1;0;1;0;0;;1;;;;;;;
Административное здание АРМА (7 корпус);0.jpg:image/jpeg:6316;г. Москва, Нижний Сусальный пер., вл. 5, стр. 7;2015.0;Ронсон-500;;;;клинкер, витражи;;1.jpg:image/jpeg:127562;2.jpg:image/jpeg:156916;3.jpg:image/jpeg:135513;4.jpg:image/jpeg:168694;;;;;;;;;;;;;;;;;1;0;1;0;1;0;0;;1;;;;;;;
ЖК «Life&Activity»;0.jpg:image/jpeg:6855;г. Москва, Зорге, вл. 1;2019.0;Ронсон-500;;;;декоративный камень White Hills;;1.jpg:image/jpeg:155228;2.jpg:image/jpeg:157877;3.jpg:image/jpeg:140530;4.jpg:image/jpeg:158555;5.jpg:image/jpeg:130628;6.jpg:image/jpeg:101371;;;;;;;;;;;;;;;1;0;0;0;1;0;0;;1;;;;;;;
Стадион Динамо;0.jpg:image/jpeg:4749;г. Москва, ул. Ленинградский проспект, вл. 36;2019.0;Ронсон-600;;;;декор из стеклофибробетона;;1.jpg:image/jpeg:68980;2.jpg:image/jpeg:100950;3.jpg:image/jpeg:98984;4.jpg:image/jpeg:96904;;;;;;;;;;;;;;;;;1;0;0;0;0;1;0;;1;;;;;;;
Офис продаж ЖК «Рихард»;0.jpg:image/jpeg:7445;г. Москва, ул. Зорге, д. 9;2019.0;Ронсон-200;Ронсон-500;;;кассеты из композита и стали, декоративный камень White Hills;;1.jpg:image/jpeg:158363;2.jpg:image/jpeg:131270;3.jpg:image/jpeg:165797;4.jpg:image/jpeg:154481;;;;;;;;;;;;;;;;;1;0;0;0;1;0;0;;1;;;;;;;
Парк Победы;000.jpg:image/jpeg:39424;Узбекистан, г. Ташкент, Алмазарский район;2020.0;Ронсон-100;Ронсон-400;;;фиброцементные плиты, HPL панели (видимое и скрытое крепление);;11.jpg:image/jpeg:283639;22.jpg:image/jpeg:66245;33.jpg:image/jpeg:111760;44.jpg:image/jpeg:224766;55.jpg:image/jpeg:76810;66.jpg:image/jpeg:203538;;;;;;;;;;;;;;;1;0;0;0;0;0;0;;1;;;;;;;
Стена памяти Владимира Сварцевича;0.jpg:image/jpeg:8121;г. Балабаново, сквер Победы;2019.0;Ронсон-400;;;;керамогранит (скрытое крепление);;1.jpg:image/jpeg:107780;2.jpg:image/jpeg:52120;3.jpg:image/jpeg:53076;;;;;;;;;;;;;;;;;;1;0;0;1;0;0;0;;1;;;;;;;
ЖК «Плотничный»;0.jpg:image/jpeg:28101;г. Нижний Новгород, Плотничный пер., д.8-10;2019.0;Ронсон-600;;;;декоративные элементы из стеклофибробетона;;1.jpg:image/jpeg:177083;2.jpg:image/jpeg:188536;3.jpg:image/jpeg:191967;4.jpg:image/jpeg:227285;5.jpg:image/jpeg:173694;6.jpg:image/jpeg:153013;7.jpg:image/jpeg:180570;;;;;;;;;;;;;;1;0;0;0;0;1;0;;1;;;;;;;
МФК «Краснопрудный»;0.jpg:image/jpeg:30968;г. Москва, ул. Краснопрудная, д.12;2020.0;Ронсон-100;Ронсон-400;Ронсон-600;;натуральный камень, декоративные элементы из стеклофибробетона, Аквапанель;;01.jpg:image/jpeg:139271;02.jpg:image/jpeg:112179;03.jpg:image/jpeg:159385;04.jpg:image/jpeg:89157;05.jpg:image/jpeg:102916;06.jpg:image/jpeg:146138;1000-2.jpg:image/jpeg:186454;1000-5.jpg:image/jpeg:157400;;;;;;;;;;;;;1;0;0;0;0;1;0;;1;;;;;;;
ЖК «Домашний»;0.jpg:image/jpeg:8789;г. Москва, ул. Донецкая, вл. 30;2019.0;Ронсон-500;Ронсон-600;;;декоративный камень White Hills, декор из стеклофибробетона;;1.jpg:image/jpeg:165432;2.jpg:image/jpeg:170901;3.jpg:image/jpeg:148069;4.jpg:image/jpeg:184555;5.jpg:image/jpeg:169912;6.jpg:image/jpeg:134822;;;;;;;;;;;;;;;1;0;0;0;1;1;0;;1;;;;;;;
ЖК «HOLLAND», г. Нур;0.jpg:image/jpeg:8473;г. Нур-Султан, ул. Шамши Калдаякова;2019.0;Ронсон-100;Ронсон-200;Ронсон-400;;фиброцементные плиты, стальной листовой композит;;1.jpg:image/jpeg:129130;2.jpg:image/jpeg:85594;3.jpg:image/jpeg:112015;4.jpg:image/jpeg:119785;5.jpg:image/jpeg:145762;6.jpg:image/jpeg:117258;7.jpg:image/jpeg:144548;;;;;;;;;;;;;;1;0;0;1;0;0;0;;1;;;;;;;
ЖК «Ты и Я»;0.jpg:image/jpeg:9089;г. Москва, ул. Шушинская, д. 8;2020.0;Ронсон-100;Ронсон-200;Ронсон-400;;Rockpanel, стальной листовой композит, керамогранит (скрытое крепление), декоративный камень White Hills;;1.jpg:image/jpeg:429702;2.jpg:image/jpeg:350718;3.jpg:image/jpeg:322176;4.jpg:image/jpeg:458585;5.jpg:image/jpeg:408090;6.jpg:image/jpeg:315730;;;;;;;;;;;;;;;1;0;0;1;1;0;0;;1;;;;;;;
ЖК «Park House»;0.jpg:image/jpeg:8444;г. Кишинев, Московский проспект, 9/5;2019.0;Ронсон-400;;;;терракота, натуральный камень;;1.jpg:image/jpeg:146423;2.jpg:image/jpeg:127902;3.jpg:image/jpeg:104906;4.jpg:image/jpeg:111853;;;;;;;;;;;;;;;;;1;0;0;0;0;0;0;;1;;;;;;;
Административно-бытовой комплекс «Грибная радуга»;0.jpg:image/jpeg:30864;г. Курск, ул. Володарского, д. 70, оф. 4/1;2019.0;Ронсон-100;Ронсон-500;;;Rockpanel, декоративный камень White Hills;;1.jpg:image/jpeg:552164;2.jpg:image/jpeg:684830;3.jpg:image/jpeg:651436;4.jpg:image/jpeg:503586;5.jpg:image/jpeg:538332;6.jpg:image/jpeg:715923;7.jpg:image/jpeg:704641;8.jpg:image/jpeg:569808;;;;;;;;;;;;;1;0;0;0;1;1;0;;1;;;;;;;
Courtyard by Marriott Chisinau, г. Кишинев;0.jpg:image/jpeg:35739;Молдова, Кишинёв, 2025, ул. Арборилор, 21;2019.0;Ронсон-500;;;;клинкер;;1.jpg:image/jpeg:747292;2.jpg:image/jpeg:669287;3.jpg:image/jpeg:671174;4.jpg:image/jpeg:627881;;;;;;;;;;;;;;;;;1;0;0;0;1;0;0;;1;;;;;;;
Апарт-комплекс Hill 8;0.jpg:image/jpeg:60957;г. Москва, Проспект мира, вл.95;2021.0;Ронсон-400;;;;керамогранит (скрытое крепление), натуральный камень;;1.jpg:image/jpeg:440782;2.jpg:image/jpeg:396094;3.jpg:image/jpeg:450972;4.jpg:image/jpeg:380903;5.jpg:image/jpeg:357878;6.jpg:image/jpeg:384671;7.jpg:image/jpeg:367669;8.jpg:image/jpeg:409453;;;;;;;;;;;;;1;0;0;1;0;0;0;;1;;;;;;;
Ржевский мемориал советскому солдату (г. Ржев);0.jpg:image/jpeg:9933;Тверская область, Ржевский район, деревня Хорошево;2020.0;Ронсон-200;;;;кассеты из кортеновской стали;;19.jpg:image/jpeg:91292;20.jpg:image/jpeg:150983;21.jpg:image/jpeg:244862;22.jpg:image/jpeg:110960;25.jpg:image/jpeg:171238;26.jpg:image/jpeg:184221;28.jpg:image/jpeg:512851;29.jpg:image/jpeg:274937;;;;;;;;;;;;;1;0;0;0;0;0;0;;1;;;;;;;
"ЖК ""Утро""";0.jpg:image/jpeg:30170;г. Липецк, ул. Крайняя, д. 4;2020.0;Ронсон-500;;;;декоративный камень White Hills;;2.jpg:image/jpeg:184397;3.jpg:image/jpeg:134211;4.jpg:image/jpeg:144129;5.jpg:image/jpeg:186402;6.jpg:image/jpeg:145434;7.jpg:image/jpeg:134134;;;;;;;;;;;;;;;1;0;0;0;0;1;0;;1;;;;;;;
Жилой дом по программе реновации;0.jpg:image/jpeg:61644;г. Москва, ул. Астрадамская, вл. 9А;2021.0;Ронсон-100;Ронсон-500;;;фиброцементные плиты, декоративный камень White Hills;;1.jpg:image/jpeg:347337;2.jpg:image/jpeg:346238;3.jpg:image/jpeg:369321;4.jpg:image/jpeg:359573;5.jpg:image/jpeg:107954;7.jpg:image/jpeg:379867;8.jpg:image/jpeg:346199;;;;;;;;;;;;;;1;0;0;0;0;0;0;;1;;;;;;;
Жилой дом по программе реновации;0.jpg:image/jpeg:60858;г. Москва, ул. Петра Романова, вл.18;2020.0;Ронсон-200;Ронсон-500;;;металлокассеты, декоративный камень White Hills;;1.jpg:image/jpeg:657191;2.jpg:image/jpeg:663122;3.jpg:image/jpeg:730384;4.jpg:image/jpeg:682832;5.jpg:image/jpeg:617298;6.jpg:image/jpeg:736197;7.jpg:image/jpeg:671516;8.jpg:image/jpeg:785072;;;;;;;;;;;;;1;0;0;0;0;0;0;;1;;;;;;;
Жилой дом по программе реновации;0.jpg:image/jpeg:63738;г. Москва, ул. Дмитровкое шоссе, д.55;2021.0;Ронсон-500;;;;декоративный камень White Hills;;1_1.jpg:image/jpeg:476582;2_2.jpg:image/jpeg:449891;3_3.jpg:image/jpeg:494717;4_4.jpg:image/jpeg:421977;5_5.jpg:image/jpeg:427252;;;;;;;;;;;;;;;;1;0;0;0;0;0;0;;1;;;;;;;
ЖК LIFE Ботанический сад 2;0.jpg:image/jpeg:9593;г. Москва, проезд Серебрякова / ул. Сельскохозяйственная;2021.0;Ронсон-100;Ронсон-200;;;фиброцементные плиты, кассеты из алюмокомпозита;;1.jpg:image/jpeg:394819;2.jpg:image/jpeg:118604;3.jpg:image/jpeg:144746;4.jpg:image/jpeg:289846;5.jpg:image/jpeg:277154;6.jpg:image/jpeg:286241;7.jpg:image/jpeg:280909;8.jpg:image/jpeg:285156;;;;;;;;;;;;;1;0;0;0;0;0;0;;1;;;;;;;
МФЖК Данилов дом;0.jpg:image/jpeg:22657;г. Москва, ул. 2-я Рощинская, д.1;2020.0;Ронсон-400;;;;натуральный камень;;1.jpg:image/jpeg:200742;2.jpg:image/jpeg:262293;3.jpg:image/jpeg:340477;4.jpg:image/jpeg:198601;5.jpg:image/jpeg:133421;6.jpg:image/jpeg:390713;7.jpg:image/jpeg:361375;;;;;;;;;;;;;;1;0;0;0;0;0;0;;1;;;;;;;
ЖК Фонвизинский;0.jpg:image/jpeg:62008;г. Москва, Огородный проезд, д. 20;2020.0;Ронсон-100;;;;фиброцементные плиты;;1.jpg:image/jpeg:392685;2.JPG:image/jpeg:359101;3.JPG:image/jpeg:353065;4.JPG:image/jpeg:334871;5.JPG:image/jpeg:260637;6.JPG:image/jpeg:351431;;;;;;;;;;;;;;;1;0;0;0;0;0;0;;1;;;;;;;
Жилой дом по программе реновации;0.jpg:image/jpeg:63034;г. Москва, ул. Нарвская, вл.5;2021.0;Ронсон-500;Ронсон-600;;;декоративный камень WhiteHills, декоративные элементы из стеклофибробетона;;1.jpg:image/jpeg:395209;2.jpg:image/jpeg:454949;3.jpg:image/jpeg:414444;4.jpg:image/jpeg:342657;5.jpg:image/jpeg:410577;6.jpg:image/jpeg:407149;;;;;;;;;;;;;;;1;0;0;0;1;1;0;;1;;;;;;;
ЖК Аалто;0.jpg:image/jpeg:22717;г. Москва, Старый Петровско-Разумовский пр., д.2;2020.0;Ронсон-200;Ронсон-500;;;металлокассеты, натуральный клинкер;;1.jpg:image/jpeg:303949;2.jpg:image/jpeg:376254;3.jpg:image/jpeg:283842;4.jpg:image/jpeg:408974;5.jpg:image/jpeg:374407;6.jpg:image/jpeg:413334;;;;;;;;;;;;;;;1;0;0;0;1;0;0;;1;;;;;;;
ФГБУ Нмиц хирургии имени А.В. Вишневского;0.jpg:image/jpeg:62137;г. Москва, ул. Большая Серпуховская, д. 27, стр. 7;2021.0;Ронсон-200;;;;кассеты из алюминия;;1.jpg:image/jpeg:403730;2.jpg:image/jpeg:274699;3.jpg:image/jpeg:442854;4.jpg:image/jpeg:388836;5.jpg:image/jpeg:324632;6.jpg:image/jpeg:303999;;;;;;;;;;;;;;;1;0;0;0;0;0;0;;1;;;;;;;
ЖК «Борисовские пруды»;0.jpg:image/jpeg:32220;г. Москва, ул. Борисовские пруды, д. 7, к. 2;2020.0;Ронсон-100;Ронсон-300;;;фиброцементные плиты, керамогранит (видимое крепление);;1_DSC04353.jpg:image/jpeg:735383;2_DSC04359.jpg:image/jpeg:747402;3_DSC04369.jpg:image/jpeg:753123;4_DSC04370.jpg:image/jpeg:770853;5_DSC04371.jpg:image/jpeg:758868;6_DSC04376.jpg:image/jpeg:836225;7_DSC04378.jpg:image/jpeg:754670;8_DSC04392.jpg:image/jpeg:643292;;;;;;;;;;;;;1;0;0;0;0;0;0;;1;;;;;;;
ЖК «Донской квартал»;0.jpg:image/jpeg:73370;г. Москва, Духовской пер., д. 17;2020.0;Ронсон-500;;;;декоративный камень White Hills;;1_DSC03052.jpg:image/jpeg:1066476;4_DSC03066_1.jpg:image/jpeg:837506;8_DSC03089.jpg:image/jpeg:769637;2_DSC03058.jpg:image/jpeg:995751;3_DSC03065.jpg:image/jpeg:799445;5_DSC03069.jpg:image/jpeg:885980;6_DSC03077.jpg:image/jpeg:950550;7_DSC03086.jpg:image/jpeg:993398;;;;;;;;;;;;;1;0;0;0;1;0;0;;1;;;;;;;
Городской квартал RIVERPARK;0.jpg:image/jpeg:53651;г. Москва, ул. Речников, вл. 7, ул. Корабельная, 6;2021.0;Ронсон-300;Ронсон-400;;;керамогранит (видимое и скрытое крепление), терракота;;1_DSC04325.jpg:image/jpeg:629673;2_DSC04326.jpg:image/jpeg:274524;3_DSC04330.jpg:image/jpeg:651947;5_DSC04342.jpg:image/jpeg:687627;6_DSC04346.jpg:image/jpeg:687032;4_DSC04337.jpg:image/jpeg:574772;6_DSC04347.jpg:image/jpeg:582016;;;;;;;;;;;;;;1;0;0;1;0;0;0;;1;;;;;;;
Жилой дом по программе реновации;0.jpg:image/jpeg:54588;г. Москва, ул. Черное озеро, вл. 4;2020.0;Ронсон-500;;;;декоративный камень White Hills;;1_DSC03456.jpg:image/jpeg:954277;4_DSC03477_1.jpg:image/jpeg:829200;6_DSC03484.jpg:image/jpeg:674108;7_DSC03489_1.jpg:image/jpeg:772055;2_DSC03469.jpg:image/jpeg:748870;3_DSC03476.jpg:image/jpeg:884000;5_DSC03479.jpg:image/jpeg:754631;;;;;;;;;;;;;;1;0;0;1;0;0;0;;1;;;;;;;
Жилой дом по программе реновации;0.jpg:image/jpeg:31117;г. Москва, 1-й Стрелецкий проезд, д. 18;2020.0;Ронсон-500;;;;декоративный камень Экостоун;;1.jpg:image/jpeg:628952;2.jpg:image/jpeg:905570;3.jpg:image/jpeg:774631;4.jpg:image/jpeg:761238;;;;;;;;;;;;;;;;;1;0;0;0;1;0;0;;1;;;;;;;
ЖК «FoRest»;0.jpg:image/jpeg:5753;г. Москва, пересечение Боровского шоссе и Чоботовской улицы;2020.0;Ронсон-100;Ронсон-200;Ронсон-500;;фиброцементные плиты, металлокассеты, керамогранит (скрытое крепление), декоративный камень White Hills;;1.jpg:image/jpeg:260560;2.jpg:image/jpeg:301265;3.jpg:image/jpeg:215902;4.jpg:image/jpeg:283808;5.jpg:image/jpeg:291801;6.jpg:image/jpeg:264407;7.jpg:image/jpeg:270841;8.jpg:image/jpeg:242975;;;;;;;;;;;;;1;0;0;0;1;0;0;;1;;;;;;;
ЖК «Резиденция Архитекторов»;0.jpg:image/jpeg:12666;г. Москва, ул. Б. Почтовая, д. 30;2021.0;Ронсон-500;;;;декоративный камень White Hills;;1.jpg:image/jpeg:222108;2.jpg:image/jpeg:200481;3.jpg:image/jpeg:206748;4.jpg:image/jpeg:212031;5.jpg:image/jpeg:200500;6.jpg:image/jpeg:188953;7.jpg:image/jpeg:224597;8.jpg:image/jpeg:209686;;;;;;;;;;;;;1;0;0;0;1;0;0;;1;;;;;;;
ЖК «Десятка», Московская область;0.jpg:image/jpeg:55906;г. Раменское, ул. Молодежная, д.3;2019.0;Ронсон-300;;;;керамогранит (видимое крепление), витражи;;1.jpg:image/jpeg:289066;2.jpg:image/jpeg:419491;3.jpg:image/jpeg:238011;;;;;;;;;;;;;;;;;;1;0;1;0;0;0;0;;1;;;;;;;
Жилой дом, Московская область;0.jpg:image/jpeg:54251;г. Лобня, ул. Победы, д. 10;2020.0;Ронсон-300;;;;керамогранит (видимое крепление);;1.jpg:image/jpeg:271652;2.jpg:image/jpeg:291565;;;;;;;;;;;;;;;;;;;1;0;0;0;0;0;0;;1;;;;;;;
Школа №1329;0.jpg:image/jpeg:56242;г. Москва. ул. Лабачевского, 66;2019.0;Ронсон-300;;;;керамогранит (видимое крепление);;1.jpg:image/jpeg:245150;2.jpg:image/jpeg:302872;3.jpg:image/jpeg:122320;4.jpg:image/jpeg:689496;;;;;;;;;;;;;;;;;1;0;0;0;0;0;0;;1;;;;;;;
Торговый центр «Потапово»;0.jpg:image/jpeg:55024;г. Москва, ул. Академика Понтрягина, д. 14;2020.0;Ронсон-500;;;;декоративный камень White Hills;;1.jpg:image/jpeg:317859;2.jpg:image/jpeg:694157;3.jpg:image/jpeg:309439;;;;;;;;;;;;;;;;;;1;0;0;0;1;0;0;;1;;;;;;;
Торговый центр «Нахимовский»;0.jpg:image/jpeg:59957;г. Москва, Нахимовский пр., 59А;2019.0;Ронсон-400;;;;натуральный камень;;1.jpg:image/jpeg:388445;;;;;;;;;;;;;;;;;;;;1;0;0;0;0;0;0;;1;;;;;;;
ЖК «Северный квартал», Московская область;0.jpg:image/jpeg:67314;г. Электросталь, пр-т Ленина, поз.1 и поз.2;2019.0;Ронсон-300;;;;керамогранит (видимое крепление);;1.jpg:image/jpeg:524689;2.jpg:image/jpeg:268323;3.jpg:image/jpeg:249470;4.jpg:image/jpeg:339311;;;;;;;;;;;;;;;;;1;0;0;0;0;0;0;;1;;;;;;;
ЖК «Лыткарино Хит», Московская область;0.jpg:image/jpeg:64879;г. Лыткарино, микрорайон №4а, д.5;2019.0;Ронсон-300;;;;керамогранит (видимое крепление), витражи;;1.jpg:image/jpeg:307685;2.jpg:image/jpeg:593133;3.jpg:image/jpeg:521086;4.jpg:image/jpeg:330507;;;;;;;;;;;;;;;;;1;0;1;0;0;0;0;;1;;;;;;;
ЖК «Квартал 29», Московская область;0.jpg:image/jpeg:57142;г. Мытищи, ул. Стрелковой, д.4;2020.0;Ронсон-300;;;;керамогранит (видимое крепление), витражи;;1.jpg:image/jpeg:434561;2.jpg:image/jpeg:225868;3.jpg:image/jpeg:726312;;;;;;;;;;;;;;;;;;1;0;1;0;0;0;0;;1;;;;;;;
ЖК «Флагман», Московская область;0.jpg:image/jpeg:67142;г. Раменское, Спортивный проезд, д. 6;2018.0;Ронсон-300;;;;керамогранит (видимое крепление);;1.jpg:image/jpeg:288319;2.jpg:image/jpeg:647854;3.jpg:image/jpeg:369465;4.jpg:image/jpeg:362844;5.jpg:image/jpeg:300654;6.jpg:image/jpeg:315691;;;;;;;;;;;;;;;1;0;0;0;0;0;0;;1;;;;;;;
Жилые дома по программе реновации;0.jpg:image/jpeg:53414;г. Москва, Поселение Мосрентген, квартал 24, владения 1-5;2021.0;Ронсон-400;;;;керамогранит (скрытое крепление);;1.jpg:image/jpeg:342851;2.jpg:image/jpeg:642428;3.jpg:image/jpeg:271291;4.jpg:image/jpeg:349853;5.jpg:image/jpeg:199432;6.jpg:image/jpeg:160782;;;;;;;;;;;;;;;1;0;0;1;0;0;0;;1;;;;;;;
Жилой дом по программе реновации;1.jpg:image/jpeg:9489;г. Москва, район Бескудниковский, Коровинское шоссе, 2/38;2022.0;Ронсон-500;;;;декоративный камень White Hills;;2.jpg:image/jpeg:264742;3.jpg:image/jpeg:262731;4.jpg:image/jpeg:280179;5.jpg:image/jpeg:278460;1.jpg:image/jpeg:325873;6.jpg:image/jpeg:241792;7.jpg:image/jpeg:288721;;;;;;;;;;;;;;1;0;0;0;1;1;0;;1;;;;;;;
Гостиница «Ибис»;obl.jpg:image/jpeg:34092;Гостиница «Ибис», г. Москва;2022.0;Ронсон-300;Ронсон-400;;;керамогранит;;2.jpg:image/jpeg:172990;3.jpg:image/jpeg:236422;4.jpg:image/jpeg:221984;1.jpg:image/jpeg:196879;5.jpg:image/jpeg:168562;;;;;;;;;;;;;;;;1;0;0;0;0;0;0;;1;;;;;;;
Жилой дом для белорусских дипломатов;01.jpg:image/jpeg:27555;г. Москва, Погонный проезд, вл. 7;2022.0;Ронсон-300;;;;керамогранит;;2.jpg:image/jpeg:707150;3.jpg:image/jpeg:687063;4.jpg:image/jpeg:722855;1.jpg:image/jpeg:794410;5.jpg:image/jpeg:785290;6.jpg:image/jpeg:670498;;;;;;;;;;;;;;;1;0;0;0;0;0;0;;1;;;;;;;
Жилой дом;01.jpg:image/jpeg:31057;г. Москва, ул. Ивана Франко, 20;2022.0;Ронсон-500;;;;декоративный камень White Hills;;1.jpg:image/jpeg:291731;2.jpg:image/jpeg:229024;3.jpg:image/jpeg:228069;;;;;;;;;;;;;;;;;;1;0;0;0;0;1;0;;1;;;;;;;
Жилой дом по программе реновации;01.jpg:image/jpeg:30686;г. Москва, ул. Молодогвардейская, 20;2022.0;Ронсон-100;Ронсон-500;;;фиброцементные плиты,  декоративный камень White Hills;;1.jpg:image/jpeg:298566;2.jpg:image/jpeg:294041;3.jpg:image/jpeg:228139;4.jpg:image/jpeg:317713;5.jpg:image/jpeg:211898;6.jpg:image/jpeg:200825;7.jpg:image/jpeg:194528;8.jpg:image/jpeg:238052;9.jpg:image/jpeg:207421;;;;;;;;;;;;1;0;0;0;0;1;0;;1;;;;;;;
Школа на ул. Берзарина;0.jpg:image/jpeg:31761;г. Москва, ул. Берзарина, д. 32;2023.0;Ронсон-200;Ронсон-300;;;кассеты из композита и стали, керамогранит (видимое крепление);;1.jpg:image/jpeg:302338;2.jpg:image/jpeg:302475;3.jpg:image/jpeg:289236;;;;;;;;;;;;;;;;;;1;0;0;0;0;0;0;;1;;;;;;;
ЖК «Вилла Грэйс»;01.jpg:image/jpeg:27312;г. Москва, Пожарский переулок, 3-5;2022.0;Ронсон-400;Ронсон-740;;;натуральный камень, кирпич;;2.jpg:image/jpeg:1366305;1.jpg:image/jpeg:1256258;3.jpg:image/jpeg:1225394;4.jpg:image/jpeg:1392531;5.jpg:image/jpeg:1262444;6.jpg:image/jpeg:1286178;7.jpg:image/jpeg:1297526;;;;;;;;;;;;;;1;0;0;0;0;0;0;;1;;;;;;;
ЖК «Балтийский»;01.jpg:image/jpeg:30686;г. Москва, Старопетровский проезд, 8;2022.0;Ронсон-300;Ронсон-400;;;керамогранит (видимое и скрытое крепление);;2.jpg:image/jpeg:1477941;3.jpg:image/jpeg:1775307;1.jpg:image/jpeg:1562815;4.jpg:image/jpeg:1461978;5.jpg:image/jpeg:1238527;6.jpg:image/jpeg:1552314;7.jpg:image/jpeg:1382313;8.jpg:image/jpeg:1505702;9.jpg:image/jpeg:1250380;;;;;;;;;;;;1;0;0;1;0;0;0;;1;;;;;;;
Жилой дом по программе реновации;01.jpg:image/jpeg:36685;г. Москва, ул. Онежская, вл.35;2022.0;Ронсон-500;;;;декоративный камень White Hills;;2.jpg:image/jpeg:1321078;3.jpg:image/jpeg:905729;1.jpg:image/jpeg:1261896;4.jpg:image/jpeg:1372607;;;;;;;;;;;;;;;;;1;0;0;0;0;1;0;;1;;;;;;;
Жилой дом по программе реновации;01.jpg:image/jpeg:35908;г. Москва, ул. Флотская, 68;2022.0;Ронсон-500;;;;декоративный камень White Hills;;2.jpg:image/jpeg:1066235;3.jpg:image/jpeg:1059195;4.jpg:image/jpeg:981078;5.jpg:image/jpeg:857683;6.jpg:image/jpeg:1007069;7.jpg:image/jpeg:998261;8.jpg:image/jpeg:1131339;1.jpg:image/jpeg:1194455;;;;;;;;;;;;;1;0;0;0;0;1;0;;1;;;;;;;
Жилой дом по программе реновации;01.jpg:image/jpeg:28900;г. Москва, ул. Талдомская, вл.1;2022.0;Ронсон-500;;;;декоративный камень White Hills;;2.jpg:image/jpeg:808662;1.jpg:image/jpeg:973474;3.jpg:image/jpeg:855212;4.jpg:image/jpeg:872079;5.jpg:image/jpeg:864916;6.jpg:image/jpeg:1021922;;;;;;;;;;;;;;;1;0;0;0;0;1;0;;1;;;;;;;
Жилой дом по программе реновации;01.jpg:image/jpeg:25885;г. Москва, ул. Староалексеевская, вл.3;2022.0;Ронсон-200;Ронсон-500;;;алюминиевые кассеты, декоративный камень White Hills;;2.jpg:image/jpeg:244774;1.jpg:image/jpeg:247467;3.jpg:image/jpeg:237821;4.jpg:image/jpeg:287866;5.jpg:image/jpeg:265295;6.jpg:image/jpeg:248021;7.jpg:image/jpeg:218416;;;;;;;;;;;;;;1;0;0;0;0;1;0;;1;;;;;;;
ЖД Черное озеро (реновация);0.jpg:image/jpeg:54588;г. Москва, ул. Черное озеро, вл. 4;2020.0;Ронсон-500;;;;керамогранит (скрытое крепление);;1_DSC03456.JPG:image/jpeg:954277;2_DSC03469.JPG:image/jpeg:748870;3_DSC03476.JPG:image/jpeg:884000;4_DSC03477_1.jpg:image/jpeg:829200;5_DSC03479.JPG:image/jpeg:754631;6_DSC03484.JPG:image/jpeg:674108;7_DSC03489_1.jpg:image/jpeg:772055;;;;;;;;;;;;;;1;0;0;1;1;0;0;;1;;;;;;;
Жилой дом по программе реновации;onl.jpg:image/jpeg:34349;г. Москва, Клинский проезд, вл. 2;2022.0;Ронсон-200;Ронсон-500;;;металлокассеты, декоративный камень White Hills;;2.jpg:image/jpeg:335448;3.jpg:image/jpeg:279991;4.jpg:image/jpeg:300303;1.jpg:image/jpeg:252017;5.jpg:image/jpeg:245001;6.jpg:image/jpeg:272844;7.jpg:image/jpeg:208517;8.jpg:image/jpeg:249723;9.jpg:image/jpeg:940432;10.jpg:image/jpeg:867768;11.jpg:image/jpeg:904788;12.jpg:image/jpeg:904380;13.jpg:image/jpeg:796695;14.jpg:image/jpeg:889201;15.jpg:image/jpeg:808537;16.jpg:image/jpeg:807737;17.jpg:image/jpeg:796017;18.jpg:image/jpeg:1058071;19.jpg:image/jpeg:459088;;1;0;0;0;1;1;0;;1;;;;;;;
ЖК «Квартал на Никулинской»;0.jpg:image/jpeg:35261;г. Москва, ул. Никулинская, д. 2;2022.0;Ронсон-200;Ронсон-450;;;стальные решетки, декоративный камень Экостоун на затирке;;1.jpg:image/jpeg:929303;2.jpg:image/jpeg:951853;3.jpg:image/jpeg:863517;4.jpg:image/jpeg:998800;5.jpg:image/jpeg:885049;6.jpg:image/jpeg:1011747;7.jpg:image/jpeg:911018;8.jpg:image/jpeg:881797;9.jpg:image/jpeg:800083;10.jpg:image/jpeg:865600;11.jpg:image/jpeg:934364;12.jpg:image/jpeg:743173;;;;;;;;;1;0;0;0;0;0;0;;1;;;;;;;
ЖК «Движение» Тушино;0.jpg:image/jpeg:36118;г. Москва, Волоколамское шоссе, вл. 71/22;2022.0;Ронсон-100;Ронсон-500;;;фиброцементные плиты, декоративный камень White Hills;;1.jpg:image/jpeg:652413;2.jpg:image/jpeg:687164;3.jpg:image/jpeg:836283;4.jpg:image/jpeg:781961;5.jpg:image/jpeg:681589;6.jpg:image/jpeg:795081;7.jpg:image/jpeg:708435;8.jpg:image/jpeg:813781;;;;;;;;;;;;;1;0;0;0;0;1;0;;1;;;;;;;
ЖК «Бауман Хаус»;0.jpg:image/jpeg:31463;г. Москва, ул. Новая дорога, д.11;2022.0;Ронсон-500;;;;декоративный камень White Hills;;1.jpg:image/jpeg:990504;2.jpg:image/jpeg:897047;3.jpg:image/jpeg:998553;4.jpg:image/jpeg:691108;5.jpg:image/jpeg:739671;6.jpg:image/jpeg:757753;7.jpg:image/jpeg:789102;8.jpg:image/jpeg:985869;;;;;;;;;;;;;1;0;0;0;0;1;0;;1;;;;;;;
МФЦ на Осеннем бульваре;00.jpg:image/jpeg:29705;г. Москва, Осенний бульвар, 8;2022.0;Ронсон-400;;;;керамогранит (скрытое крепление);;1.jpg:image/jpeg:105251;2.jpg:image/jpeg:145296;3.jpg:image/jpeg:149219;4.jpg:image/jpeg:103701;5.jpg:image/jpeg:151886;6.jpg:image/jpeg:158971;7.jpg:image/jpeg:119311;8.jpg:image/jpeg:118165;;;;;;;;;;;;;1;0;0;1;0;0;0;;1;;;;;;;
ЖК «Соседи»;0.jpg:image/jpeg:29120;г. Москва, Рязанский проспект, вл. 6А;2022.0;Ронсон-200;Ронсон-500;;;алюмокомпозит, декоративный камень White Hills;;1.jpg:image/jpeg:820044;2.jpg:image/jpeg:604595;3.jpg:image/jpeg:861960;4.jpg:image/jpeg:650331;5.jpg:image/jpeg:693777;6.jpg:image/jpeg:730157;7.jpg:image/jpeg:628353;8.jpg:image/jpeg:823587;;;;;;;;;;;;;1;0;0;0;0;1;0;;1;;;;;;;
ЖК «L-Club» Люблино;0.jpg:image/jpeg:32490;г. Москва, ул. Совхозная, 10 Б;2022.0;Ронсон-200;Ронсон-500;;;алюмокомпозит, стальные ламели, декоративный камень White Hills;;1.jpg:image/jpeg:886842;2.jpg:image/jpeg:787040;3.jpg:image/jpeg:1022194;4.jpg:image/jpeg:925549;5.jpg:image/jpeg:945078;6.jpg:image/jpeg:827132;7.jpg:image/jpeg:1067582;8.jpg:image/jpeg:879451;;;;;;;;;;;;;1;0;0;0;1;1;0;;1;;;;;;;
ЖК «Нахимов»;0.jpg:image/jpeg:42445;г. Москва, Нахимовский проспект, 31;2022.0;Ронсон-200;Ронсон-400;;;алюмокомпозит, терракота;;1.jpg:image/jpeg:844185;2.jpg:image/jpeg:890213;3.jpg:image/jpeg:698312;4.jpg:image/jpeg:748700;5.jpg:image/jpeg:759487;6.jpg:image/jpeg:756581;7.jpg:image/jpeg:731259;8.jpg:image/jpeg:773902;9.jpg:image/jpeg:868216;10.jpg:image/jpeg:679758;;;;;;;;;;;1;0;0;0;0;0;0;;1;;;;;;;
Офисное здание;0.jpg:image/jpeg:30445;г. Москва, ул. Нижегородская, 32;2022.0;Ронсон-200;;;;алюмокомпозит;;1.jpg:image/jpeg:605547;2.jpg:image/jpeg:865581;3.jpg:image/jpeg:572476;4.jpg:image/jpeg:550903;5.jpg:image/jpeg:535169;;;;;;;;;;;;;;;;1;0;0;0;0;0;0;;1;;;;;;;
ЖК «Румянцево парк»;0.jpg:image/jpeg:31736;г. Москва, поселение Московский, ул. Родниковая, д 30, к 1;2022.0;Ронсон-100;Ронсон-200;Ронсон-300;;Фиброцементные плиты, Керамогранит,  Металлокассеты,  White Hills;;1.jpg:image/jpeg:188316;2.jpg:image/jpeg:175836;3.jpg:image/jpeg:181443;4.jpg:image/jpeg:195713;5.jpg:image/jpeg:195617;6.jpg:image/jpeg:188764;7.jpg:image/jpeg:134590;8.jpg:image/jpeg:189963;9.jpg:image/jpeg:154414;10.jpg:image/jpeg:208065;11.jpg:image/jpeg:145500;12.jpg:image/jpeg:248562;13.jpg:image/jpeg:190444;;;;;;;;1;0;0;0;1;1;0;;1;;;;;;;
ЖК «Резиденция Композиторов»;0.jpg:image/jpeg:32261;г. Москва, Павелецкая набережная, вл. 8;2022.0;Ронсон-500;;;;декоративный камень White Hills;;1.jpg:image/jpeg:165531;2.jpg:image/jpeg:144334;3.jpg:image/jpeg:154004;4.jpg:image/jpeg:239430;5.jpg:image/jpeg:158124;6.jpg:image/jpeg:159416;;;;;;;;;;;;;;;1;0;0;0;0;1;0;;1;;;;;;;
ЖК «Символ»;0.jpg:image/jpeg:36448;г. Москва, проезд Завода Серп и Молот, вл 12;2022.0;Ронсон-200;Ронсон-500;;;декоративный камень White Hills, стальной композит Sibalux;;1.jpg:image/jpeg:172737;2.jpg:image/jpeg:144423;3.jpg:image/jpeg:178685;4.jpg:image/jpeg:150384;5.jpg:image/jpeg:150409;6.jpg:image/jpeg:150507;7.jpg:image/jpeg:167252;8.jpg:image/jpeg:163851;9.jpg:image/jpeg:138049;;;;;;;;;;;;1;0;0;0;0;1;0;;1;;;;;;;
ЖК «NOW» (1-ая очередь);0.jpg:image/jpeg:30356;г. Москва, Нагатинская пойма, Проектируемый проезд 4062, вл. 6;2022.0;Ронсон-200;Ронсон-500;Ронсон-600;;декоративный камень White Hills, Листовой стальной композит, Декор из стеклофибробетона Архидея;;1.jpg:image/jpeg:155545;2.jpg:image/jpeg:160499;3.jpg:image/jpeg:179711;4.jpg:image/jpeg:163444;5.jpg:image/jpeg:192479;6.jpg:image/jpeg:145227;7.jpg:image/jpeg:167362;8.jpg:image/jpeg:190304;9.jpg:image/jpeg:180644;10.jpg:image/jpeg:194000;;;;;;;;;;;1;0;0;0;1;1;0;;1;;;;;;;
Клубный дом «РЕКА»;0.jpg:image/jpeg:35670;г. Москва, Мичуринский проспект, д. 60, к 1;2022.0;Ронсон-400;;;;керамогранит (скрытое крепление), натуральный камень известняк;;1.jpg:image/jpeg:361953;2.jpg:image/jpeg:407543;3.jpg:image/jpeg:507363;4.jpg:image/jpeg:483051;5.jpg:image/jpeg:616044;6.jpg:image/jpeg:494207;7.jpg:image/jpeg:377189;8.jpg:image/jpeg:467508;9.jpg:image/jpeg:353918;;;;;;;;;;;;1;0;0;1;0;0;0;;1;;;;;;;
ЖК «Тринити»;0.jpg:image/jpeg:33054;г. Москва, Дмитровское шоссе, д. 73 Б;2022.0;Ронсон-100;Ронсон-400;;;плиты KMEW, терракота;;1.jpg:image/jpeg:498635;2.jpg:image/jpeg:437068;3.jpg:image/jpeg:456484;4.jpg:image/jpeg:244571;5.jpg:image/jpeg:509164;6.jpg:image/jpeg:370237;7.jpg:image/jpeg:416731;8.jpg:image/jpeg:447132;9.jpg:image/jpeg:437228;;;;;;;;;;;;1;0;0;0;0;0;0;;1;;;;;;;
Офис продаж Зорге №9;0.jpg:image/jpeg:34296;г. Москва, ул. Зорге, д. 9;2023.0;Ронсон-450;;;;клинкер на затирке;;1.jpg:image/jpeg:445115;2.jpg:image/jpeg:330475;3.jpg:image/jpeg:364181;;;;;;;;;;;;;;;;;;1;0;0;0;0;0;0;;1;;;;;;;
ЖК «Дивное»;0.jpg:image/jpeg:33572;г. Видное, Зеленый пер., д. 9;2023.0;Ронсон-300;Ронсон-400;;;керамогранит (видимое крепление), керамогранит (скрытое крепление);;1.jpg:image/jpeg:286324;2.jpg:image/jpeg:348707;3.jpg:image/jpeg:289574;4.jpg:image/jpeg:323349;5.jpg:image/jpeg:332802;6.jpg:image/jpeg:387981;7.jpg:image/jpeg:371310;8.jpg:image/jpeg:404509;9.jpg:image/jpeg:348535;10.jpg:image/jpeg:356051;11.jpg:image/jpeg:362026;12.jpg:image/jpeg:369412;;;;;;;;;1;0;0;1;0;0;0;;1;;;;;;;
Многопрофильный медицинский центр, клиника «Протек»;0.jpg:image/jpeg:29294;г. Москва, ул. Кременчугская, д. 3;2023.0;Ронсон-200;Ронсон-400;Ронсон-500;Ронсон-600;кассеты из композита и стали, листовой стальной композит, керамогранит (скрытое крепление), клинкер, фасадный декор;;1.jpg:image/jpeg:606527;2.jpg:image/jpeg:531940;3.jpg:image/jpeg:514919;4.jpg:image/jpeg:412010;5.jpg:image/jpeg:272152;6.jpg:image/jpeg:333167;7.jpg:image/jpeg:317132;;;;;;;;;;;;;;1;0;0;1;1;1;0;;1;;;;;;;
